{
    "type": "FeatureCollection",
    "generator": "JOSM",
    "features": [
        {
            "type": "Feature",
            "properties": {
                "type": "multipolygon"
            },
            "geometry": {
                "type": "MultiPolygon",
                "coordinates": [
                    [
                        [
                            [
                                8.29551677726,
                                52.74859661909
                            ],
                            [
                                8.29548776016,
                                52.74871051277
                            ],
                            [
                                8.29546531709,
                                52.74870906695
                            ],
                            [
                                8.29544170831,
                                52.74881346134
                            ],
                            [
                                8.29541932574,
                                52.74881161383
                            ],
                            [
                                8.29539521034,
                                52.74891866059
                            ],
                            [
                                8.29533123449,
                                52.74891337989
                            ],
                            [
                                8.29532548651,
                                52.74893294171
                            ],
                            [
                                8.29543143377,
                                52.74894268310
                            ],
                            [
                                8.29545959696,
                                52.74882497452
                            ],
                            [
                                8.29550921783,
                                52.74882984523
                            ],
                            [
                                8.29553738102,
                                52.74870970098
                            ],
                            [
                                8.29551994666,
                                52.74870888920
                            ],
                            [
                                8.29554682394,
                                52.74860050535
                            ],
                            [
                                8.29565673932,
                                52.74861472186
                            ],
                            [
                                8.29611807927,
                                52.74867885308
                            ],
                            [
                                8.29614289071,
                                52.74868331730
                            ],
                            [
                                8.29615596648,
                                52.74869163812
                            ],
                            [
                                8.29616166618,
                                52.74869813241
                            ],
                            [
                                8.29616367783,
                                52.74871294752
                            ],
                            [
                                8.29620189931,
                                52.74871233868
                            ],
                            [
                                8.29623810913,
                                52.74871984771
                            ],
                            [
                                8.29624816742,
                                52.74871112100
                            ],
                            [
                                8.29625721987,
                                52.74870787385
                            ],
                            [
                                8.29626761343,
                                52.74870604734
                            ],
                            [
                                8.29628068920,
                                52.74870564144
                            ],
                            [
                                8.29633265600,
                                52.74871538349
                            ],
                            [
                                8.29725935921,
                                52.74889397614
                            ],
                            [
                                8.29741559789,
                                52.74892522978
                            ],
                            [
                                8.29789772496,
                                52.74902629658
                            ],
                            [
                                8.29791784219,
                                52.74903319631
                            ],
                            [
                                8.29794734649,
                                52.74904212590
                            ],
                            [
                                8.29797014527,
                                52.74904659069
                            ],
                            [
                                8.29800099067,
                                52.74904943192
                            ],
                            [
                                8.29804189436,
                                52.74904943192
                            ],
                            [
                                8.29807810418,
                                52.74904537302
                            ],
                            [
                                8.29812034898,
                                52.74904090823
                            ],
                            [
                                8.29815722935,
                                52.74903563165
                            ],
                            [
                                8.29818807475,
                                52.74903319631
                            ],
                            [
                                8.29822093181,
                                52.74903279042
                            ],
                            [
                                8.29824775390,
                                52.74903766110
                            ],
                            [
                                8.29827591710,
                                52.74904577891
                            ],
                            [
                                8.29830408029,
                                52.74905592616
                            ],
                            [
                                8.29831682079,
                                52.74906526163
                            ],
                            [
                                8.29833358459,
                                52.74909813870
                            ],
                            [
                                8.29835839503,
                                52.74918175189
                            ],
                            [
                                8.29839795560,
                                52.74929012530
                            ],
                            [
                                8.29866081208,
                                52.74987947049
                            ],
                            [
                                8.29875468939,
                                52.74986485872
                            ],
                            [
                                8.29847842187,
                                52.74927388979
                            ],
                            [
                                8.29843818873,
                                52.74917160589
                            ],
                            [
                                8.29839527339,
                                52.74901899137
                            ],
                            [
                                8.29838722676,
                                52.74891021261
                            ],
                            [
                                8.29841941327,
                                52.74856763892
                            ],
                            [
                                8.29851865500,
                                52.74774122969
                            ],
                            [
                                8.29854816064,
                                52.74761539899
                            ],
                            [
                                8.29861253365,
                                52.74700085682
                            ],
                            [
                                8.29875737160,
                                52.74588053387
                            ],
                            [
                                8.29887806833,
                                52.74528464141
                            ],
                            [
                                8.29892634809,
                                52.74512876587
                            ],
                            [
                                8.29908191621,
                                52.74488196178
                            ],
                            [
                                8.29950570524,
                                52.74421623326
                            ],
                            [
                                8.29958617151,
                                52.74410581876
                            ],
                            [
                                8.29975246847,
                                52.74392720649
                            ],
                            [
                                8.30000728101,
                                52.74373560179
                            ],
                            [
                                8.30026477307,
                                52.74354562164
                            ],
                            [
                                8.30096482694,
                                52.74301140115
                            ],
                            [
                                8.30088972509,
                                52.74296593512
                            ],
                            [
                                8.30009042948,
                                52.74356023553
                            ],
                            [
                                8.29897999495,
                                52.74356835435
                            ],
                            [
                                8.29883783787,
                                52.74370475037
                            ],
                            [
                                8.29877614707,
                                52.74375346313
                            ],
                            [
                                8.29874396056,
                                52.74376645319
                            ],
                            [
                                8.29870909184,
                                52.74377294822
                            ],
                            [
                                8.29867958754,
                                52.74377294822
                            ],
                            [
                                8.29863935441,
                                52.74376807695
                            ],
                            [
                                8.29859912127,
                                52.74375995816
                            ],
                            [
                                8.29856425256,
                                52.74374047307
                            ],
                            [
                                8.29850256175,
                                52.74367065141
                            ],
                            [
                                8.29800367087,
                                52.74312019301
                            ],
                            [
                                8.29788565367,
                                52.74314779728
                            ],
                            [
                                8.29847573966,
                                52.74378593827
                            ],
                            [
                                8.29852133721,
                                52.74384439347
                            ],
                            [
                                8.29859107465,
                                52.74394831363
                            ],
                            [
                                8.29867958754,
                                52.74408795594
                            ],
                            [
                                8.29873054951,
                                52.74420811293
                            ],
                            [
                                8.29878151149,
                                52.74434450694
                            ],
                            [
                                8.29883247346,
                                52.74452636497
                            ],
                            [
                                8.29885393113,
                                52.74465301564
                            ],
                            [
                                8.29885393113,
                                52.74486247556
                            ],
                            [
                                8.29882710904,
                                52.74501672835
                            ],
                            [
                                8.29878687590,
                                52.74512551683
                            ],
                            [
                                8.29875468940,
                                52.74528951089
                            ],
                            [
                                8.29866349429,
                                52.74587728651
                            ],
                            [
                                8.29861655798,
                                52.74628604427
                            ],
                            [
                                8.29861186411,
                                52.74630938442
                            ],
                            [
                                8.29860515859,
                                52.74632683879
                            ],
                            [
                                8.29859543558,
                                52.74634043696
                            ],
                            [
                                8.29855587300,
                                52.74636864806
                            ],
                            [
                                8.29852301594,
                                52.74638995860
                            ],
                            [
                                8.29847406562,
                                52.74641411053
                            ],
                            [
                                8.29841606285,
                                52.74643745061
                            ],
                            [
                                8.29835101929,
                                52.74644922213
                            ],
                            [
                                8.29825579852,
                                52.74646343055
                            ],
                            [
                                8.29781927101,
                                52.74652756373
                            ],
                            [
                                8.29742498629,
                                52.74657952064
                            ],
                            [
                                8.29725064270,
                                52.74659859855
                            ],
                            [
                                8.29705014758,
                                52.74662173558
                            ],
                            [
                                8.29592831366,
                                52.74674513287
                            ],
                            [
                                8.29590953819,
                                52.74674675652
                            ],
                            [
                                8.29589947991,
                                52.74674513287
                            ],
                            [
                                8.29588967367,
                                52.74674244335
                            ],
                            [
                                8.29588414161,
                                52.74673944975
                            ],
                            [
                                8.29587919629,
                                52.74673549212
                            ],
                            [
                                8.29587542444,
                                52.74672950492
                            ],
                            [
                                8.29588171087,
                                52.74671514579
                            ],
                            [
                                8.29589948025,
                                52.74668830502
                            ],
                            [
                                8.29592529651,
                                52.74664609013
                            ],
                            [
                                8.29593636062,
                                52.74660103382
                            ],
                            [
                                8.29592630133,
                                52.74651944586
                            ],
                            [
                                8.29591825470,
                                52.74648372545
                            ],
                            [
                                8.29590618477,
                                52.74642040281
                            ],
                            [
                                8.29588472709,
                                52.74633840799
                            ],
                            [
                                8.29582437739,
                                52.74612002497
                            ],
                            [
                                8.29577475518,
                                52.74597308345
                            ],
                            [
                                8.29568758472,
                                52.74572547149
                            ],
                            [
                                8.29550385207,
                                52.74507842931
                            ],
                            [
                                8.29546965592,
                                52.74494853123
                            ],
                            [
                                8.29541668229,
                                52.74495340237
                            ],
                            [
                                8.29542338781,
                                52.74498019363
                            ],
                            [
                                8.29542405836,
                                52.74499115368
                            ],
                            [
                                8.29541869394,
                                52.74500008409
                            ],
                            [
                                8.29540796511,
                                52.74500536116
                            ],
                            [
                                8.29539723627,
                                52.74500779672
                            ],
                            [
                                8.29538181357,
                                52.74500860858
                            ],
                            [
                                8.29535432093,
                                52.74500779672
                            ],
                            [
                                8.29519271784,
                                52.74500089595
                            ],
                            [
                                8.29519338839,
                                52.74502728125
                            ],
                            [
                                8.29535499148,
                                52.74503539980
                            ],
                            [
                                8.29538114302,
                                52.74504514206
                            ],
                            [
                                8.29541668229,
                                52.74506259693
                            ],
                            [
                                8.29543813929,
                                52.74507842850
                            ],
                            [
                                8.29562186927,
                                52.74573277888
                            ],
                            [
                                8.29569965467,
                                52.74598688387
                            ],
                            [
                                8.29572111234,
                                52.74614762735
                            ],
                            [
                                8.29577743873,
                                52.74630999390
                            ],
                            [
                                8.29580694303,
                                52.74640578988
                            ],
                            [
                                8.29582437739,
                                52.74645612328
                            ],
                            [
                                8.29583376512,
                                52.74651701038
                            ],
                            [
                                8.29583778843,
                                52.74654785981
                            ],
                            [
                                8.29583510622,
                                52.74658763930
                            ],
                            [
                                8.29582840070,
                                52.74661848868
                            ],
                            [
                                8.29581834342,
                                52.74664426353
                            ],
                            [
                                8.29581029680,
                                52.74666679167
                            ],
                            [
                                8.29573318329,
                                52.74668241929
                            ],
                            [
                                8.29572144862,
                                52.74667876608
                            ],
                            [
                                8.29574793443,
                                52.74665177352
                            ],
                            [
                                8.29577341542,
                                52.74663066606
                            ],
                            [
                                8.29579487309,
                                52.74660306400
                            ],
                            [
                                8.29580426082,
                                52.74657302643
                            ],
                            [
                                8.29580023751,
                                52.74648616093
                            ],
                            [
                                8.29568624362,
                                52.74649915017
                            ],
                            [
                                8.29511895642,
                                52.74658033287
                            ],
                            [
                                8.29505994782,
                                52.74669723569
                            ],
                            [
                                8.29508811101,
                                52.74675487515
                            ],
                            [
                                8.29517394170,
                                52.74699842136
                            ],
                            [
                                8.29530402884,
                                52.74699598591
                            ],
                            [
                                8.29567417368,
                                52.74671347216
                            ],
                            [
                                8.29573318329,
                                52.74674594449
                            ],
                            [
                                8.29577442225,
                                52.74677659080
                            ],
                            [
                                8.29571776059,
                                52.74682651786
                            ],
                            [
                                8.29480379753,
                                52.74744532470
                            ],
                            [
                                8.29467505150,
                                52.74753259420
                            ],
                            [
                                8.29463548891,
                                52.74749687461
                            ],
                            [
                                8.29459927909,
                                52.74745344280
                            ],
                            [
                                8.29456508025,
                                52.74741650584
                            ],
                            [
                                8.29453021154,
                                52.74737916254
                            ],
                            [
                                8.29446852073,
                                52.74732395933
                            ],
                            [
                                8.29442426428,
                                52.74729635770
                            ],
                            [
                                8.29435855017,
                                52.74726956787
                            ],
                            [
                                8.29402193293,
                                52.74730204039
                            ],
                            [
                                8.29385161265,
                                52.74715023114
                            ],
                            [
                                8.29372554884,
                                52.74715672567
                            ],
                            [
                                8.29369738564,
                                52.74718919827
                            ],
                            [
                                8.29364240035,
                                52.74721355271
                            ],
                            [
                                8.29364776477,
                                52.74728580414
                            ],
                            [
                                8.29365581140,
                                52.74737916253
                            ],
                            [
                                8.29385581694,
                                52.74743498957
                            ],
                            [
                                8.29386636481,
                                52.74747982703
                            ],
                            [
                                8.29386234149,
                                52.74751067577
                            ],
                            [
                                8.29386258259,
                                52.74754262543
                            ],
                            [
                                8.29366385870,
                                52.74755857206
                            ],
                            [
                                8.29351968996,
                                52.74757237280
                            ],
                            [
                                8.29277604751,
                                52.74764421772
                            ],
                            [
                                8.29283706777,
                                52.74786096949
                            ],
                            [
                                8.29286388986,
                                52.74796609777
                            ],
                            [
                                8.29286388986,
                                52.74797421577
                            ],
                            [
                                8.29285785489,
                                52.74798476917
                            ],
                            [
                                8.29284846716,
                                52.74799451077
                            ],
                            [
                                8.29283304445,
                                52.74800222287
                            ],
                            [
                                8.29281024568,
                                52.74800952906
                            ],
                            [
                                8.29277738795,
                                52.74801642977
                            ],
                            [
                                8.29239114985,
                                52.74804078374
                            ],
                            [
                                8.29217724234,
                                52.74806189132
                            ],
                            [
                                8.29115800291,
                                52.74813495314
                            ],
                            [
                                8.29030774266,
                                52.74819908507
                            ],
                            [
                                8.28941859037,
                                52.74826159332
                            ],
                            [
                                8.28891567617,
                                52.74828026460
                            ],
                            [
                                8.28864410385,
                                52.74828432276
                            ],
                            [
                                8.28842550382,
                                52.74827214584
                            ],
                            [
                                8.28803121909,
                                52.74824129763
                            ],
                            [
                                8.28795611724,
                                52.74822912070
                            ],
                            [
                                8.28789576754,
                                52.74820639042
                            ],
                            [
                                8.28785016999,
                                52.74817229498
                            ],
                            [
                                8.28781261906,
                                52.74805945512
                            ],
                            [
                                8.28779652581,
                                52.74795392116
                            ],
                            [
                                8.28772544324,
                                52.74775584380
                            ],
                            [
                                8.28765839204,
                                52.74745953178
                            ],
                            [
                                8.28753768861,
                                52.74658358261
                            ],
                            [
                                8.28754305303,
                                52.74618740965
                            ],
                            [
                                8.28757523954,
                                52.74592437479
                            ],
                            [
                                8.28805803716,
                                52.74032232956
                            ],
                            [
                                8.28793465555,
                                52.74032232956
                            ],
                            [
                                8.28743576467,
                                52.74592112744
                            ],
                            [
                                8.28741967142,
                                52.74618091498
                            ],
                            [
                                8.28741967142,
                                52.74658033530
                            ],
                            [
                                8.28753768861,
                                52.74747008774
                            ],
                            [
                                8.28759669721,
                                52.74779156317
                            ],
                            [
                                8.28754305303,
                                52.74787274346
                            ],
                            [
                                8.28745722637,
                                52.74791495472
                            ],
                            [
                                8.28736334905,
                                52.74792956714
                            ],
                            [
                                8.28728154168,
                                52.74793200254
                            ],
                            [
                                8.28716754779,
                                52.74791333111
                            ],
                            [
                                8.28671023116,
                                52.74779156074
                            ],
                            [
                                8.28625425562,
                                52.74766654280
                            ],
                            [
                                8.28555285394,
                                52.74749931288
                            ],
                            [
                                8.28453361452,
                                52.74728499476
                            ],
                            [
                                8.28330784902,
                                52.74712587667
                            ],
                            [
                                8.28319117293,
                                52.74711045216
                            ],
                            [
                                8.28309193119,
                                52.74709015675
                            ],
                            [
                                8.28298330173,
                                52.74706174315
                            ],
                            [
                                8.28291222319,
                                52.74701871682
                            ],
                            [
                                8.28287869558,
                                52.74696838407
                            ],
                            [
                                8.28289344773,
                                52.74688801392
                            ],
                            [
                                8.28291892871,
                                52.74678328895
                            ],
                            [
                                8.28301414713,
                                52.74562074372
                            ],
                            [
                                8.28284114465,
                                52.74561506082
                            ],
                            [
                                8.28271910414,
                                52.74693185220
                            ],
                            [
                                8.28267350659,
                                52.74698867954
                            ],
                            [
                                8.28261047468,
                                52.74700735136
                            ],
                            [
                                8.28256085381,
                                52.74701952863
                            ],
                            [
                                8.28250452742,
                                52.74701546954
                            ],
                            [
                                8.28242808446,
                                52.74714292480
                            ],
                            [
                                8.28246831760,
                                52.74720056368
                            ],
                            [
                                8.28248441085,
                                52.74726469699
                            ],
                            [
                                8.28248977527,
                                52.74732477114
                            ],
                            [
                                8.28246831760,
                                52.74736942080
                            ],
                            [
                                8.28225373685,
                                52.74801237320
                            ],
                            [
                                8.28193321690,
                                52.74877464386
                            ],
                            [
                                8.28207403287,
                                52.74879899741
                            ],
                            [
                                8.28240930498,
                                52.74801237320
                            ],
                            [
                                8.28280225262,
                                52.74723953076
                            ],
                            [
                                8.28289881214,
                                52.74719325735
                            ],
                            [
                                8.28303828701,
                                52.74717783286
                            ],
                            [
                                8.28314825758,
                                52.74717702105
                            ],
                            [
                                8.28329041466,
                                52.74719001009
                            ],
                            [
                                8.28447997034,
                                52.74735643425
                            ],
                            [
                                8.28552603185,
                                52.74756425756
                            ],
                            [
                                8.28622341022,
                                52.74772824001
                            ],
                            [
                                8.28733786806,
                                52.74801561797
                            ],
                            [
                                8.28746527299,
                                52.74804808993
                            ],
                            [
                                8.28754439816,
                                52.74805945512
                            ],
                            [
                                8.28760206565,
                                52.74808786806
                            ],
                            [
                                8.28764363989,
                                52.74813982311
                            ],
                            [
                                8.28837856516,
                                52.75183821397
                            ],
                            [
                                8.28851133451,
                                52.75183659051
                            ],
                            [
                                8.28782737121,
                                52.74845479927
                            ],
                            [
                                8.28781261906,
                                52.74840040922
                            ],
                            [
                                8.28783005342,
                                52.74837037289
                            ],
                            [
                                8.28786358103,
                                52.74835170165
                            ],
                            [
                                8.28790247306,
                                52.74833627758
                            ],
                            [
                                8.28793465957,
                                52.74832734785
                            ],
                            [
                                8.28841879830,
                                52.74833546578
                            ],
                            [
                                8.28864142165,
                                52.74834033654
                            ],
                            [
                                8.28892305360,
                                52.74833465399
                            ],
                            [
                                8.29031109676,
                                52.74825753354
                            ],
                            [
                                8.29116135702,
                                52.74819340169
                            ],
                            [
                                8.29185068473,
                                52.74813982311
                            ],
                            [
                                8.29187482461,
                                52.74818853091
                            ],
                            [
                                8.29193115100,
                                52.74821775557
                            ],
                            [
                                8.29194322094,
                                52.74823723866
                            ],
                            [
                                8.29192980990,
                                52.74825347456
                            ],
                            [
                                8.29197943076,
                                52.74827620482
                            ],
                            [
                                8.29203173384,
                                52.74829974685
                            ],
                            [
                                8.29203441605,
                                52.74825672174
                            ],
                            [
                                8.29198747739,
                                52.74820070785
                            ],
                            [
                                8.29196333751,
                                52.74813332873
                            ],
                            [
                                8.29218214459,
                                52.74812325572
                            ],
                            [
                                8.29219364289,
                                52.74812256019
                            ],
                            [
                                8.29220633974,
                                52.74812163577
                            ],
                            [
                                8.29221504843,
                                52.74812207007
                            ],
                            [
                                8.29222600075,
                                52.74812462870
                            ],
                            [
                                8.29223199593,
                                52.74812731077
                            ],
                            [
                                8.29224019794,
                                52.74813172475
                            ],
                            [
                                8.29224500739,
                                52.74813676601
                            ],
                            [
                                8.29225101771,
                                52.74814496096
                            ],
                            [
                                8.29228587314,
                                52.74824028289
                            ],
                            [
                                8.29229660299,
                                52.74826443318
                            ],
                            [
                                8.29231001303,
                                52.74828554045
                            ],
                            [
                                8.29232677784,
                                52.74830847303
                            ],
                            [
                                8.29234890506,
                                52.74833181271
                            ],
                            [
                                8.29238712654,
                                52.74836306675
                            ],
                            [
                                8.29245820507,
                                52.74840122101
                            ],
                            [
                                8.29251352563,
                                52.74842313939
                            ],
                            [
                                8.29257756338,
                                52.74844099881
                            ],
                            [
                                8.29265132412,
                                52.74845195799
                            ],
                            [
                                8.29473674163,
                                52.74855140232
                            ],
                            [
                                8.29521685705,
                                52.74857494421
                            ],
                            [
                                8.29510809256,
                                52.74902152729
                            ],
                            [
                                8.29501540711,
                                52.74901373518
                            ],
                            [
                                8.29499423370,
                                52.74908312119
                            ],
                            [
                                8.29511969916,
                                52.74908875380
                            ],
                            [
                                8.29513791471,
                                52.74907730623
                            ],
                            [
                                8.29515516624,
                                52.74907906229
                            ],
                            [
                                8.29527991149,
                                52.74857802225
                            ],
                            [
                                8.29533358687,
                                52.74857937744
                            ],
                            [
                                8.29531317821,
                                52.74868625156
                            ],
                            [
                                8.29546709718,
                                52.74869993740
                            ],
                            [
                                8.29549113411,
                                52.74859074248
                            ],
                            [
                                8.29551677726,
                                52.74859661909
                            ]
                        ],
                        [
                            [
                                8.29625084862,
                                52.74801318257
                            ],
                            [
                                8.29627524122,
                                52.74801368918
                            ],
                            [
                                8.29628597005,
                                52.74801495762
                            ],
                            [
                                8.29629678271,
                                52.74801790039
                            ],
                            [
                                8.29630650572,
                                52.74802322783
                            ],
                            [
                                8.29631295978,
                                52.74802941779
                            ],
                            [
                                8.29631622872,
                                52.74803647030
                            ],
                            [
                                8.29631631254,
                                52.74804397944
                            ],
                            [
                                8.29618312402,
                                52.74861735946
                            ],
                            [
                                8.29618128000,
                                52.74862243313
                            ],
                            [
                                8.29617524503,
                                52.74862801418
                            ],
                            [
                                8.29616820423,
                                52.74863207312
                            ],
                            [
                                8.29615915177,
                                52.74863491437
                            ],
                            [
                                8.29614993168,
                                52.74863623353
                            ],
                            [
                                8.29612612590,
                                52.74863420477
                            ],
                            [
                                8.29595714673,
                                52.74860985113
                            ],
                            [
                                8.29591774418,
                                52.74860448467
                            ],
                            [
                                8.29590853287,
                                52.74860010895
                            ],
                            [
                                8.29590082152,
                                52.74859493380
                            ],
                            [
                                8.29589512182,
                                52.74858874391
                            ],
                            [
                                8.29589160142,
                                52.74858103192
                            ],
                            [
                                8.29589160142,
                                52.74857413171
                            ],
                            [
                                8.29601883871,
                                52.74802576475
                            ],
                            [
                                8.29602135329,
                                52.74802028510
                            ],
                            [
                                8.29602655007,
                                52.74801480546
                            ],
                            [
                                8.29603459669,
                                52.74800963024
                            ],
                            [
                                8.29604448734,
                                52.74800587566
                            ],
                            [
                                8.29605521617,
                                52.74800415059
                            ],
                            [
                                8.29606711848,
                                52.74800404911
                            ],
                            [
                                8.29610600933,
                                52.74800506457
                            ],
                            [
                                8.29625084862,
                                52.74801318257
                            ]
                        ],
                        [
                            [
                                8.29898267716,
                                52.74493067160
                            ],
                            [
                                8.29936086863,
                                52.74428280494
                            ],
                            [
                                8.29941451281,
                                52.74419674674
                            ],
                            [
                                8.29950034350,
                                52.74408146096
                            ],
                            [
                                8.29965859383,
                                52.74390284859
                            ],
                            [
                                8.29972833127,
                                52.74382977968
                            ],
                            [
                                8.29963981837,
                                52.74383302719
                            ],
                            [
                                8.29905241460,
                                52.74384764098
                            ],
                            [
                                8.29885929555,
                                52.74385251224
                            ],
                            [
                                8.29883582873,
                                52.74385626565
                            ],
                            [
                                8.29882191477,
                                52.74385890425
                            ],
                            [
                                8.29880062474,
                                52.74386499333
                            ],
                            [
                                8.29878671078,
                                52.74387169131
                            ],
                            [
                                8.29877346737,
                                52.74388001304
                            ],
                            [
                                8.29875871522,
                                52.74389635206
                            ],
                            [
                                8.29870540632,
                                52.74396130210
                            ],
                            [
                                8.29876005113,
                                52.74404736392
                            ],
                            [
                                8.29881369531,
                                52.74414478862
                            ],
                            [
                                8.29887806833,
                                52.74433314242
                            ],
                            [
                                8.29891561925,
                                52.74451500049
                            ],
                            [
                                8.29893707693,
                                52.74464489864
                            ],
                            [
                                8.29893171251,
                                52.74486897205
                            ],
                            [
                                8.29893205281,
                                52.74491950714
                            ],
                            [
                                8.29893439975,
                                52.74492579904
                            ],
                            [
                                8.29893942889,
                                52.74492965536
                            ],
                            [
                                8.29894781079,
                                52.74493249686
                            ],
                            [
                                8.29895753380,
                                52.74493310575
                            ],
                            [
                                8.29896658625,
                                52.74493290278
                            ],
                            [
                                8.29897664454,
                                52.74493209093
                            ],
                            [
                                8.29898267716,
                                52.74493067160
                            ]
                        ],
                        [
                            [
                                8.29303890333,
                                52.74799694658
                            ],
                            [
                                8.29299800031,
                                52.74799126357
                            ],
                            [
                                8.29298257761,
                                52.74798761047
                            ],
                            [
                                8.29296983711,
                                52.74798314557
                            ],
                            [
                                8.29296044938,
                                52.74797705707
                            ],
                            [
                                8.29295307331,
                                52.74796934497
                            ],
                            [
                                8.29294904999,
                                52.74796000926
                            ],
                            [
                                8.29287193649,
                                52.74769252017
                            ],
                            [
                                8.29287193649,
                                52.74768196670
                            ],
                            [
                                8.29287663035,
                                52.74767181913
                            ],
                            [
                                8.29288534753,
                                52.74766613649
                            ],
                            [
                                8.29289741747,
                                52.74766207746
                            ],
                            [
                                8.29291284017,
                                52.74765842433
                            ],
                            [
                                8.29365178876,
                                52.74758820304
                            ],
                            [
                                8.29389989309,
                                52.74756790785
                            ],
                            [
                                8.29406619005,
                                52.74755816616
                            ],
                            [
                                8.29416207902,
                                52.74755897797
                            ],
                            [
                                8.29421974652,
                                52.74756181930
                            ],
                            [
                                8.29430960052,
                                52.74756871966
                            ],
                            [
                                8.29441219501,
                                52.74758049087
                            ],
                            [
                                8.29453457113,
                                52.74759916224
                            ],
                            [
                                8.29455938157,
                                52.74760362718
                            ],
                            [
                                8.29457513954,
                                52.74760930983
                            ],
                            [
                                8.29458754476,
                                52.74761600724
                            ],
                            [
                                8.29460196164,
                                52.74763102566
                            ],
                            [
                                8.29460732572,
                                52.74763812917
                            ],
                            [
                                8.29462626932,
                                52.74786797098
                            ],
                            [
                                8.29462425767,
                                52.74787629195
                            ],
                            [
                                8.29462023435,
                                52.74788380112
                            ],
                            [
                                8.29461269064,
                                52.74788999111
                            ],
                            [
                                8.29460162653,
                                52.74789506487
                            ],
                            [
                                8.29458955659,
                                52.74789810913
                            ],
                            [
                                8.29458016885,
                                52.74789963125
                            ],
                            [
                                8.29453825817,
                                52.74790196589
                            ],
                            [
                                8.29422309861,
                                52.74791251931
                            ],
                            [
                                8.29353108868,
                                52.74796122737
                            ],
                            [
                                8.29303890333,
                                52.74799694658
                            ]
                        ],
                        [
                            [
                                8.29545289144,
                                52.74796528637
                            ],
                            [
                                8.29547971454,
                                52.74796914181
                            ],
                            [
                                8.29549044337,
                                52.74797238901
                            ],
                            [
                                8.29549882527,
                                52.74797685392
                            ],
                            [
                                8.29550553080,
                                52.74798395717
                            ],
                            [
                                8.29550888356,
                                52.74799106042
                            ],
                            [
                                8.29550821301,
                                52.74799877252
                            ],
                            [
                                8.29539958354,
                                52.74848970567
                            ],
                            [
                                8.29539556023,
                                52.74849985305
                            ],
                            [
                                8.29538952526,
                                52.74850837685
                            ],
                            [
                                8.29537879642,
                                52.74851791538
                            ],
                            [
                                8.29536370900,
                                52.74852501855
                            ],
                            [
                                8.29534258660,
                                52.74853191876
                            ],
                            [
                                8.29532649335,
                                52.74853455708
                            ],
                            [
                                8.29527318344,
                                52.74853435474
                            ],
                            [
                                8.29497948155,
                                52.74851933662
                            ],
                            [
                                8.29494327240,
                                52.74851771264
                            ],
                            [
                                8.29492022275,
                                52.74851248638
                            ],
                            [
                                8.29490622497,
                                52.74850685459
                            ],
                            [
                                8.29488694659,
                                52.74849340931
                            ],
                            [
                                8.29488032489,
                                52.74848620467
                            ],
                            [
                                8.29487605012,
                                52.74847783308
                            ],
                            [
                                8.29487487607,
                                52.74846859931
                            ],
                            [
                                8.29486481829,
                                52.74799055294
                            ],
                            [
                                8.29486565648,
                                52.74797695529
                            ],
                            [
                                8.29487051798,
                                52.74796863434
                            ],
                            [
                                8.29487755878,
                                52.74796244436
                            ],
                            [
                                8.29488694651,
                                52.74795666028
                            ],
                            [
                                8.29489901645,
                                52.74795239833
                            ],
                            [
                                8.29492583737,
                                52.74794905036
                            ],
                            [
                                8.29545289144,
                                52.74796528637
                            ]
                        ],
                        [
                            [
                                8.29477026924,
                                52.74789628328
                            ],
                            [
                                8.29474931566,
                                52.74789577520
                            ],
                            [
                                8.29474026321,
                                52.74789506487
                            ],
                            [
                                8.29472685216,
                                52.74789171619
                            ],
                            [
                                8.29471796734,
                                52.74788786013
                            ],
                            [
                                8.29471059127,
                                52.74788238047
                            ],
                            [
                                8.29470505921,
                                52.74787649490
                            ],
                            [
                                8.29470120303,
                                52.74786705801
                            ],
                            [
                                8.29468276335,
                                52.74763112704
                            ],
                            [
                                8.29468678666,
                                52.74761499238
                            ],
                            [
                                8.29469516857,
                                52.74759784295
                            ],
                            [
                                8.29470656795,
                                52.74758292599
                            ],
                            [
                                8.29471997900,
                                52.74756882083
                            ],
                            [
                                8.29474881157,
                                52.74754720716
                            ],
                            [
                                8.29562924769,
                                52.74695458254
                            ],
                            [
                                8.29565573450,
                                52.74693996979
                            ],
                            [
                                8.29567518052,
                                52.74693428705
                            ],
                            [
                                8.29569462653,
                                52.74693185159
                            ],
                            [
                                8.29570569064,
                                52.74693185159
                            ],
                            [
                                8.29571541365,
                                52.74693347523
                            ],
                            [
                                8.29572513666,
                                52.74693753433
                            ],
                            [
                                8.29573150691,
                                52.74694240524
                            ],
                            [
                                8.29573754188,
                                52.74695133526
                            ],
                            [
                                8.29573821243,
                                52.74695925050
                            ],
                            [
                                8.29553235289,
                                52.74788958531
                            ],
                            [
                                8.29552866485,
                                52.74789668857
                            ],
                            [
                                8.29552262988,
                                52.74790277709
                            ],
                            [
                                8.29551558908,
                                52.74790744494
                            ],
                            [
                                8.29550452497,
                                52.74791150395
                            ],
                            [
                                8.29545155033,
                                52.74791251931
                            ],
                            [
                                8.29523295030,
                                52.74790196589
                            ],
                            [
                                8.29492047295,
                                52.74789628328
                            ],
                            [
                                8.29477026924,
                                52.74789628328
                            ]
                        ],
                        [
                            [
                                8.29473540053,
                                52.74795148576
                            ],
                            [
                                8.29475409343,
                                52.74795508737
                            ],
                            [
                                8.29476624719,
                                52.74795940006
                            ],
                            [
                                8.29477613783,
                                52.74796569151
                            ],
                            [
                                8.29478426828,
                                52.74797325140
                            ],
                            [
                                8.29478904597,
                                52.74798136940
                            ],
                            [
                                8.29479021943,
                                52.74798877708
                            ],
                            [
                                8.29480065494,
                                52.74849381518
                            ],
                            [
                                8.29479889474,
                                52.74849893961
                            ],
                            [
                                8.29479516480,
                                52.74850320151
                            ],
                            [
                                8.29478879455,
                                52.74850695604
                            ],
                            [
                                8.29477982591,
                                52.74850865572
                            ],
                            [
                                8.29473942385,
                                52.74850756566
                            ],
                            [
                                8.29265836493,
                                52.74840304754
                            ],
                            [
                                8.29260036215,
                                52.74839391488
                            ],
                            [
                                8.29257287052,
                                52.74838721698
                            ],
                            [
                                8.29254940018,
                                52.74838011440
                            ],
                            [
                                8.29252626713,
                                52.74837240176
                            ],
                            [
                                8.29250112042,
                                52.74836205201
                            ],
                            [
                                8.29247195240,
                                52.74834601849
                            ],
                            [
                                8.29244714096,
                                52.74833120387
                            ],
                            [
                                8.29242534902,
                                52.74831517033
                            ],
                            [
                                8.29240724310,
                                52.74829731147
                            ],
                            [
                                8.29237639770,
                                52.74826240431
                            ],
                            [
                                8.29235762224,
                                52.74821369659
                            ],
                            [
                                8.29234007158,
                                52.74814144731
                            ],
                            [
                                8.29234373436,
                                52.74812864993
                            ],
                            [
                                8.29235201150,
                                52.74811941655
                            ],
                            [
                                8.29236659512,
                                52.74811103571
                            ],
                            [
                                8.29238179369,
                                52.74810659952
                            ],
                            [
                                8.29240454980,
                                52.74810500276
                            ],
                            [
                                8.29353913531,
                                52.74801805337
                            ],
                            [
                                8.29423785076,
                                52.74796853357
                            ],
                            [
                                8.29470053181,
                                52.74795229756
                            ],
                            [
                                8.29473540053,
                                52.74795148576
                            ]
                        ],
                        [
                            [
                                8.29847976431,
                                52.74734587826
                            ],
                            [
                                8.29845562443,
                                52.74751554663
                            ],
                            [
                                8.29844791409,
                                52.74753299990
                            ],
                            [
                                8.29843886163,
                                52.74754619179
                            ],
                            [
                                8.29842478003,
                                52.74755897776
                            ],
                            [
                                8.29841036316,
                                52.74756892241
                            ],
                            [
                                8.29838991132,
                                52.74757683754
                            ],
                            [
                                8.29836778310,
                                52.74758394086
                            ],
                            [
                                8.29835101929,
                                52.74758942056
                            ],
                            [
                                8.29825915363,
                                52.74761012163
                            ],
                            [
                                8.29810224440,
                                52.74764015848
                            ],
                            [
                                8.29808717321,
                                52.74764101359
                            ],
                            [
                                8.29807206955,
                                52.74763995553
                            ],
                            [
                                8.29806595919,
                                52.74763761713
                            ],
                            [
                                8.29806134072,
                                52.74763427289
                            ],
                            [
                                8.29805673570,
                                52.74762994020
                            ],
                            [
                                8.29805396464,
                                52.74762493711
                            ],
                            [
                                8.29815119488,
                                52.74674563996
                            ],
                            [
                                8.29816359993,
                                52.74656064547
                            ],
                            [
                                8.29823166099,
                                52.74655009173
                            ],
                            [
                                8.29823501374,
                                52.74653730545
                            ],
                            [
                                8.29821523246,
                                52.74652492508
                            ],
                            [
                                8.29833894935,
                                52.74650138209
                            ],
                            [
                                8.29843014445,
                                52.74648331892
                            ],
                            [
                                8.29844355550,
                                52.74648047752
                            ],
                            [
                                8.29845428433,
                                52.74647438881
                            ],
                            [
                                8.29847238924,
                                52.74646809714
                            ],
                            [
                                8.29848881777,
                                52.74646342913
                            ],
                            [
                                8.29850424048,
                                52.74645997886
                            ],
                            [
                                8.29852100428,
                                52.74645997886
                            ],
                            [
                                8.29853340950,
                                52.74646139956
                            ],
                            [
                                8.29854715582,
                                52.74646484983
                            ],
                            [
                                8.29856224325,
                                52.74647175037
                            ],
                            [
                                8.29857330736,
                                52.74648088344
                            ],
                            [
                                8.29857833650,
                                52.74648676919
                            ],
                            [
                                8.29858168926,
                                52.74649488747
                            ],
                            [
                                8.29858370092,
                                52.74650097618
                            ],
                            [
                                8.29858671840,
                                52.74651599499
                            ],
                            [
                                8.29858336564,
                                52.74654704737
                            ],
                            [
                                8.29847976431,
                                52.74734587826
                            ]
                        ],
                        [
                            [
                                8.29794442392,
                                52.74773792333
                            ],
                            [
                                8.29818874463,
                                52.74768683794
                            ],
                            [
                                8.29826518759,
                                52.74768034350
                            ],
                            [
                                8.29829603299,
                                52.74768115530
                            ],
                            [
                                8.29831883177,
                                52.74768521433
                            ],
                            [
                                8.29834163055,
                                52.74769252058
                            ],
                            [
                                8.29836308822,
                                52.74770145044
                            ],
                            [
                                8.29838588700,
                                52.74771443932
                            ],
                            [
                                8.29840063915,
                                52.74772580459
                            ],
                            [
                                8.29841539130,
                                52.74774528791
                            ],
                            [
                                8.29842075571,
                                52.74776233580
                            ],
                            [
                                8.29841941461,
                                52.74777613647
                            ],
                            [
                                8.29839393362,
                                52.74798882858
                            ],
                            [
                                8.29834297165,
                                52.74836144317
                            ],
                            [
                                8.29830005631,
                                52.74888991722
                            ],
                            [
                                8.29828798637,
                                52.74890940001
                            ],
                            [
                                8.29826518759,
                                52.74892644745
                            ],
                            [
                                8.29823434219,
                                52.74894511844
                            ],
                            [
                                8.29819008574,
                                52.74896541299
                            ],
                            [
                                8.29814985260,
                                52.74897921328
                            ],
                            [
                                8.29810827836,
                                52.74898895466
                            ],
                            [
                                8.29807340965,
                                52.74899626069
                            ],
                            [
                                8.29803988203,
                                52.74900275494
                            ],
                            [
                                8.29801171884,
                                52.74900437850
                            ],
                            [
                                8.29797550902,
                                52.74900519028
                            ],
                            [
                                8.29794868693,
                                52.74900194316
                            ],
                            [
                                8.29791381821,
                                52.74899544891
                            ],
                            [
                                8.29734518990,
                                52.74886394015
                            ],
                            [
                                8.29732071575,
                                52.74885663349
                            ],
                            [
                                8.29731099274,
                                52.74885176279
                            ],
                            [
                                8.29730227556,
                                52.74884506557
                            ],
                            [
                                8.29729557004,
                                52.74883573005
                            ],
                            [
                                8.29729188200,
                                52.74882680043
                            ],
                            [
                                8.29729188200,
                                52.74881827669
                            ],
                            [
                                8.29735390808,
                                52.74850046189
                            ],
                            [
                                8.29741492733,
                                52.74788491806
                            ],
                            [
                                8.29741694000,
                                52.74786746370
                            ],
                            [
                                8.29741962221,
                                52.74786036043
                            ],
                            [
                                8.29742498662,
                                52.74785386601
                            ],
                            [
                                8.29743370380,
                                52.74784818340
                            ],
                            [
                                8.29748600587,
                                52.74783377451
                            ],
                            [
                                8.29790098137,
                                52.74774836471
                            ],
                            [
                                8.29789310612,
                                52.74788304324
                            ],
                            [
                                8.29783328642,
                                52.74788150930
                            ],
                            [
                                8.29782735757,
                                52.74796622827
                            ],
                            [
                                8.29797688579,
                                52.74797006257
                            ],
                            [
                                8.29798015012,
                                52.74788527529
                            ],
                            [
                                8.29793524689,
                                52.74788412385
                            ],
                            [
                                8.29794442392,
                                52.74773792333
                            ]
                        ],
                        [
                            [
                                8.29588338599,
                                52.74799207578
                            ],
                            [
                                8.29591171799,
                                52.74799532227
                            ],
                            [
                                8.29592294974,
                                52.74799907684
                            ],
                            [
                                8.29593267275,
                                52.74800445501
                            ],
                            [
                                8.29593971355,
                                52.74801064498
                            ],
                            [
                                8.29594407214,
                                52.74801937183
                            ],
                            [
                                8.29594323395,
                                52.74802738835
                            ],
                            [
                                8.29582035533,
                                52.74855941798
                            ],
                            [
                                8.29581666729,
                                52.74856631819
                            ],
                            [
                                8.29581096760,
                                52.74857230513
                            ],
                            [
                                8.29580124459,
                                52.74857808913
                            ],
                            [
                                8.29578967757,
                                52.74858189439
                            ],
                            [
                                8.29577584743,
                                52.74858361944
                            ],
                            [
                                8.29576360985,
                                52.74858280765
                            ],
                            [
                                8.29574257001,
                                52.74858062673
                            ],
                            [
                                8.29555347428,
                                52.74855383769
                            ],
                            [
                                8.29552799430,
                                52.74854957519
                            ],
                            [
                                8.29551391270,
                                52.74854673392
                            ],
                            [
                                8.29549949583,
                                52.74854125434
                            ],
                            [
                                8.29548910227,
                                52.74853496297
                            ],
                            [
                                8.29547904398,
                                52.74852643918
                            ],
                            [
                                8.29547367956,
                                52.74851872717
                            ],
                            [
                                8.29547066208,
                                52.74850898569
                            ],
                            [
                                8.29547099736,
                                52.74849965010
                            ],
                            [
                                8.29558499124,
                                52.74799613417
                            ],
                            [
                                8.29558934983,
                                52.74798984272
                            ],
                            [
                                8.29559605535,
                                52.74798537782
                            ],
                            [
                                8.29560343143,
                                52.74798213062
                            ],
                            [
                                8.29561147805,
                                52.74797989817
                            ],
                            [
                                8.29562388327,
                                52.74797847752
                            ],
                            [
                                8.29565539822,
                                52.74797746338
                            ],
                            [
                                8.29588338599,
                                52.74799207578
                            ]
                        ],
                        [
                            [
                                8.29624280199,
                                52.74795716837
                            ],
                            [
                                8.29610869154,
                                52.74795067396
                            ],
                            [
                                8.29607080635,
                                52.74794641140
                            ],
                            [
                                8.29606108334,
                                52.74794438190
                            ],
                            [
                                8.29605337199,
                                52.74793951109
                            ],
                            [
                                8.29604532536,
                                52.74793220488
                            ],
                            [
                                8.29604197260,
                                52.74792489867
                            ],
                            [
                                8.29604163732,
                                52.74791637476
                            ],
                            [
                                8.29617541250,
                                52.74732659711
                            ],
                            [
                                8.29617910054,
                                52.74731908785
                            ],
                            [
                                8.29618446495,
                                52.74731259335
                            ],
                            [
                                8.29619049992,
                                52.74730894019
                            ],
                            [
                                8.29620022293,
                                52.74730528703
                            ],
                            [
                                8.29621162232,
                                52.74730325750
                            ],
                            [
                                8.29622670975,
                                52.74730346046
                            ],
                            [
                                8.29627633061,
                                52.74730650475
                            ],
                            [
                                8.29642821070,
                                52.74731705832
                            ],
                            [
                                8.29643927481,
                                52.74731847899
                            ],
                            [
                                8.29645000365,
                                52.74732132033
                            ],
                            [
                                8.29645872083,
                                52.74732537939
                            ],
                            [
                                8.29646650403,
                                52.74733109245
                            ],
                            [
                                8.29647179659,
                                52.74733836839
                            ],
                            [
                                8.29647514936,
                                52.74734506584
                            ],
                            [
                                8.29647347298,
                                52.74735298100
                            ],
                            [
                                8.29634338550,
                                52.74792875493
                            ],
                            [
                                8.29633806362,
                                52.74794126136
                            ],
                            [
                                8.29633295066,
                                52.74794663954
                            ],
                            [
                                8.29632528122,
                                52.74795196698
                            ],
                            [
                                8.29631488737,
                                52.74795615301
                            ],
                            [
                                8.29630281743,
                                52.74795879136
                            ],
                            [
                                8.29629108276,
                                52.74795858841
                            ],
                            [
                                8.29624280199,
                                52.74795716837
                            ]
                        ],
                        [
                            [
                                8.29628806528,
                                52.74726165208
                            ],
                            [
                                8.29623743858,
                                52.74725881073
                            ],
                            [
                                8.29622637447,
                                52.74725718710
                            ],
                            [
                                8.29621665146,
                                52.74725414280
                            ],
                            [
                                8.29620927539,
                                52.74724866306
                            ],
                            [
                                8.29620256986,
                                52.74724298036
                            ],
                            [
                                8.29619921710,
                                52.74723607995
                            ],
                            [
                                8.29619888183,
                                52.74722714999
                            ],
                            [
                                8.29620055821,
                                52.74721639345
                            ],
                            [
                                8.29629862664,
                                52.74677993947
                            ],
                            [
                                8.29630063830,
                                52.74677445967
                            ],
                            [
                                8.29630248232,
                                52.74677050203
                            ],
                            [
                                8.29630969075,
                                52.74676299267
                            ],
                            [
                                8.29632058723,
                                52.74675629513
                            ],
                            [
                                8.29636283152,
                                52.74674756834
                            ],
                            [
                                8.29655192725,
                                52.74672686685
                            ],
                            [
                                8.29656667974,
                                52.74672524300
                            ],
                            [
                                8.29657640275,
                                52.74672564891
                            ],
                            [
                                8.29658579048,
                                52.74672727256
                            ],
                            [
                                8.29659551349,
                                52.74673011394
                            ],
                            [
                                8.29660356011,
                                52.74673437601
                            ],
                            [
                                8.29660691287,
                                52.74673782626
                            ],
                            [
                                8.29661060091,
                                52.74674391493
                            ],
                            [
                                8.29661060091,
                                52.74675020656
                            ],
                            [
                                8.29649778066,
                                52.74724714081
                            ],
                            [
                                8.29649476318,
                                52.74725404123
                            ],
                            [
                                8.29648805765,
                                52.74726073869
                            ],
                            [
                                8.29647900520,
                                52.74726631991
                            ],
                            [
                                8.29646894692,
                                52.74727027750
                            ],
                            [
                                8.29645821808,
                                52.74727200260
                            ],
                            [
                                8.29644480703,
                                52.74727220555
                            ],
                            [
                                8.29628806528,
                                52.74726165208
                            ]
                        ],
                        [
                            [
                                8.29727411136,
                                52.74788004724
                            ],
                            [
                                8.29730294636,
                                52.74787527715
                            ],
                            [
                                8.29731426193,
                                52.74787578452
                            ],
                            [
                                8.29732297911,
                                52.74787857509
                            ],
                            [
                                8.29733169629,
                                52.74788420697
                            ],
                            [
                                8.29733680925,
                                52.74789009253
                            ],
                            [
                                8.29733781483,
                                52.74789750038
                            ],
                            [
                                8.29727947578,
                                52.74850107134
                            ],
                            [
                                8.29722046718,
                                52.74879737384
                            ],
                            [
                                8.29721879197,
                                52.74880305562
                            ],
                            [
                                8.29721376283,
                                52.74880975285
                            ],
                            [
                                8.29720588384,
                                52.74881573976
                            ],
                            [
                                8.29719448445,
                                52.74882081341
                            ],
                            [
                                8.29718241451,
                                52.74882446644
                            ],
                            [
                                8.29717135040,
                                52.74882588707
                            ],
                            [
                                8.29715710117,
                                52.74882659738
                            ],
                            [
                                8.29711720213,
                                52.74882010381
                            ],
                            [
                                8.29673498735,
                                52.74874379600
                            ],
                            [
                                8.29670548405,
                                52.74873506870
                            ],
                            [
                                8.29669509050,
                                52.74872593610
                            ],
                            [
                                8.29668804970,
                                52.74871903592
                            ],
                            [
                                8.29668335583,
                                52.74871010627
                            ],
                            [
                                8.29668167945,
                                52.74870198840
                            ],
                            [
                                8.29686641660,
                                52.74798781322
                            ],
                            [
                                8.29687010463,
                                52.74797644802
                            ],
                            [
                                8.29687245157,
                                52.74797178016
                            ],
                            [
                                8.29688787326,
                                52.74795473296
                            ],
                            [
                                8.29714268312,
                                52.74790764850
                            ],
                            [
                                8.29727411136,
                                52.74788004724
                            ]
                        ],
                        [
                            [
                                8.29574558850,
                                52.74729960434
                            ],
                            [
                                8.29575086940,
                                52.74728963409
                            ],
                            [
                                8.29575497653,
                                52.74728524523
                            ],
                            [
                                8.29576084374,
                                52.74728174436
                            ],
                            [
                                8.29576889036,
                                52.74727900449
                            ],
                            [
                                8.29577777518,
                                52.74727727939
                            ],
                            [
                                8.29578900693,
                                52.74727636610
                            ],
                            [
                                8.29580409436,
                                52.74727626462
                            ],
                            [
                                8.29582052289,
                                52.74727646757
                            ],
                            [
                                8.29584583623,
                                52.74727717791
                            ],
                            [
                                8.29606359808,
                                52.74729199350
                            ],
                            [
                                8.29607466219,
                                52.74729371860
                            ],
                            [
                                8.29608472047,
                                52.74729716880
                            ],
                            [
                                8.29609276710,
                                52.74730163377
                            ],
                            [
                                8.29609863443,
                                52.74730792532
                            ],
                            [
                                8.29610181956,
                                52.74731431835
                            ],
                            [
                                8.29610198719,
                                52.74732253795
                            ],
                            [
                                8.29596846356,
                                52.74791343183
                            ],
                            [
                                8.29596720628,
                                52.74791799821
                            ],
                            [
                                8.29596460789,
                                52.74792317344
                            ],
                            [
                                8.29595890819,
                                52.74792926195
                            ],
                            [
                                8.29595119684,
                                52.74793428497
                            ],
                            [
                                8.29594147383,
                                52.74793793807
                            ],
                            [
                                8.29593074500,
                                52.74794006905
                            ],
                            [
                                8.29584784672,
                                52.74793606155
                            ],
                            [
                                8.29566880926,
                                52.74792388453
                            ],
                            [
                                8.29564232346,
                                52.74792023082
                            ],
                            [
                                8.29562991824,
                                52.74791617181
                            ],
                            [
                                8.29562187161,
                                52.74791150395
                            ],
                            [
                                8.29561617192,
                                52.74790602429
                            ],
                            [
                                8.29561281916,
                                52.74790074758
                            ],
                            [
                                8.29561382499,
                                52.74789283252
                            ],
                            [
                                8.29574558850,
                                52.74730001025
                            ],
                            [
                                8.29574558850,
                                52.74729960434
                            ]
                        ],
                        [
                            [
                                8.29728886351,
                                52.74781916205
                            ],
                            [
                                8.29706758127,
                                52.74786462300
                            ],
                            [
                                8.29703472521,
                                52.74786685485
                            ],
                            [
                                8.29702500220,
                                52.74786604305
                            ],
                            [
                                8.29701628502,
                                52.74786279584
                            ],
                            [
                                8.29700957950,
                                52.74785853388
                            ],
                            [
                                8.29700555619,
                                52.74785346011
                            ],
                            [
                                8.29700354453,
                                52.74784615389
                            ],
                            [
                                8.29700488564,
                                52.74783762996
                            ],
                            [
                                8.29711326055,
                                52.74731260084
                            ],
                            [
                                8.29711317748,
                                52.74731259477
                            ],
                            [
                                8.29725231942,
                                52.74668059268
                            ],
                            [
                                8.29725399580,
                                52.74667369217
                            ],
                            [
                                8.29725600746,
                                52.74666841531
                            ],
                            [
                                8.29726204243,
                                52.74666171776
                            ],
                            [
                                8.29727210071,
                                52.74665542612
                            ],
                            [
                                8.29728148844,
                                52.74665156995
                            ],
                            [
                                8.29729523476,
                                52.74664852561
                            ],
                            [
                                8.29735893723,
                                52.74664182805
                            ],
                            [
                                8.29801708192,
                                52.74655476115
                            ],
                            [
                                8.29808279805,
                                52.74658398568
                            ],
                            [
                                8.29806804389,
                                52.74671184933
                            ],
                            [
                                8.29797991426,
                                52.74737304062
                            ],
                            [
                                8.29798020154,
                                52.74737307477
                            ],
                            [
                                8.29793862931,
                                52.74768237261
                            ],
                            [
                                8.29751619005,
                                52.74777081480
                            ],
                            [
                                8.29751618190,
                                52.74777096050
                            ],
                            [
                                8.29731132818,
                                52.74781429052
                            ],
                            [
                                8.29728886351,
                                52.74781916205
                            ]
                        ],
                        [
                            [
                                8.29611003365,
                                52.74677983809
                            ],
                            [
                                8.29616904192,
                                52.74677232894
                            ],
                            [
                                8.29618765024,
                                52.74677303898
                            ],
                            [
                                8.29619837908,
                                52.74677648922
                            ],
                            [
                                8.29620709626,
                                52.74677902617
                            ],
                            [
                                8.29621463997,
                                52.74678207050
                            ],
                            [
                                8.29621899856,
                                52.74678572371
                            ],
                            [
                                8.29622084258,
                                52.74679039168
                            ],
                            [
                                8.29622050731,
                                52.74679891582
                            ],
                            [
                                8.29621765746,
                                52.74681017985
                            ],
                            [
                                8.29612411542,
                                52.74722187310
                            ],
                            [
                                8.29612294195,
                                52.74722786023
                            ],
                            [
                                8.29612009211,
                                52.74723323850
                            ],
                            [
                                8.29611472769,
                                52.74723902267
                            ],
                            [
                                8.29610634578,
                                52.74724409651
                            ],
                            [
                                8.29609679041,
                                52.74724734376
                            ],
                            [
                                8.29608488811,
                                52.74724947477
                            ],
                            [
                                8.29607214762,
                                52.74724937330
                            ],
                            [
                                8.29581214098,
                                52.74723212225
                            ],
                            [
                                8.29580007104,
                                52.74723120896
                            ],
                            [
                                8.29578816874,
                                52.74722907795
                            ],
                            [
                                8.29577760754,
                                52.74722572921
                            ],
                            [
                                8.29576838745,
                                52.74721984356
                            ],
                            [
                                8.29576570524,
                                52.74721740812
                            ],
                            [
                                8.29576239451,
                                52.74721309528
                            ],
                            [
                                8.29576034065,
                                52.74720726054
                            ],
                            [
                                8.29576101121,
                                52.74719711286
                            ],
                            [
                                8.29584248347,
                                52.74685594628
                            ],
                            [
                                8.29584583607,
                                52.74684458089
                            ],
                            [
                                8.29585488852,
                                52.74683341835
                            ],
                            [
                                8.29587433454,
                                52.74681758782
                            ],
                            [
                                8.29589243945,
                                52.74680987552
                            ],
                            [
                                8.29590752687,
                                52.74680520754
                            ],
                            [
                                8.29592831399,
                                52.74680155434
                            ],
                            [
                                8.29611003365,
                                52.74677983809
                            ]
                        ],
                        [
                            [
                                8.29675510459,
                                52.74670372987
                            ],
                            [
                                8.29711452059,
                                52.74666476231
                            ],
                            [
                                8.29712642340,
                                52.74666435609
                            ],
                            [
                                8.29713849334,
                                52.74666587826
                            ],
                            [
                                8.29714871926,
                                52.74666922704
                            ],
                            [
                                8.29715911282,
                                52.74667470685
                            ],
                            [
                                8.29716363905,
                                52.74667957780
                            ],
                            [
                                8.29716866819,
                                52.74668729013
                            ],
                            [
                                8.29716799764,
                                52.74669591576
                            ],
                            [
                                8.29704210095,
                                52.74728742735
                            ],
                            [
                                8.29704008963,
                                52.74729635709
                            ],
                            [
                                8.29703673687,
                                52.74730244569
                            ],
                            [
                                8.29703070190,
                                52.74730731657
                            ],
                            [
                                8.29702064361,
                                52.74731015791
                            ],
                            [
                                8.29700991478,
                                52.74731036086
                            ],
                            [
                                8.29661194202,
                                52.74728377399
                            ],
                            [
                                8.29660020735,
                                52.74728154151
                            ],
                            [
                                8.29658847269,
                                52.74727829425
                            ],
                            [
                                8.29658009078,
                                52.74727322042
                            ],
                            [
                                8.29657405581,
                                52.74726692887
                            ],
                            [
                                8.29657170888,
                                52.74726023141
                            ],
                            [
                                8.29657137360,
                                52.74725191032
                            ],
                            [
                                8.29668905552,
                                52.74673376714
                            ],
                            [
                                8.29669307884,
                                52.74672422822
                            ],
                            [
                                8.29669810798,
                                52.74671834250
                            ],
                            [
                                8.29670615461,
                                52.74671306564
                            ],
                            [
                                8.29671621289,
                                52.74670941244
                            ],
                            [
                                8.29672660645,
                                52.74670717992
                            ],
                            [
                                8.29675510459,
                                52.74670372987
                            ]
                        ],
                        [
                            [
                                8.29702131383,
                                52.74738687434
                            ],
                            [
                                8.29691737857,
                                52.74786665190
                            ],
                            [
                                8.29691436108,
                                52.74788065549
                            ],
                            [
                                8.29691260881,
                                52.74788441611
                            ],
                            [
                                8.29691067304,
                                52.74788857056
                            ],
                            [
                                8.29690463807,
                                52.74789303547
                            ],
                            [
                                8.29686239228,
                                52.74790358950
                            ],
                            [
                                8.29669609532,
                                52.74792713174
                            ],
                            [
                                8.29658746585,
                                52.74794012055
                            ],
                            [
                                8.29648822412,
                                52.74794905036
                            ],
                            [
                                8.29646408524,
                                52.74795128220
                            ],
                            [
                                8.29645402696,
                                52.74795168810
                            ],
                            [
                                8.29644396868,
                                52.74794965860
                            ],
                            [
                                8.29643323984,
                                52.74794580255
                            ],
                            [
                                8.29642686959,
                                52.74794194649
                            ],
                            [
                                8.29642184045,
                                52.74793646684
                            ],
                            [
                                8.29641915824,
                                52.74793037833
                            ],
                            [
                                8.29641848769,
                                52.74792368097
                            ],
                            [
                                8.29654857500,
                                52.74735196614
                            ],
                            [
                                8.29655092193,
                                52.74734577607
                            ],
                            [
                                8.29655645398,
                                52.74733948453
                            ],
                            [
                                8.29656466825,
                                52.74733400480
                            ],
                            [
                                8.29657439126,
                                52.74733065607
                            ],
                            [
                                8.29658444954,
                                52.74732893097
                            ],
                            [
                                8.29659719003,
                                52.74732893097
                            ],
                            [
                                8.29699298350,
                                52.74735490896
                            ],
                            [
                                8.29700287415,
                                52.74735653258
                            ],
                            [
                                8.29701159133,
                                52.74735998278
                            ],
                            [
                                8.29701863213,
                                52.74736495513
                            ],
                            [
                                8.29702248780,
                                52.74737104371
                            ],
                            [
                                8.29702232016,
                                52.74737774116
                            ],
                            [
                                8.29702131383,
                                52.74738687434
                            ]
                        ],
                        [
                            [
                                8.29664245114,
                                52.74798882858
                            ],
                            [
                                8.29675577547,
                                52.74798010112
                            ],
                            [
                                8.29676918652,
                                52.74798010112
                            ],
                            [
                                8.29677890953,
                                52.74798172472
                            ],
                            [
                                8.29678695615,
                                52.74798517487
                            ],
                            [
                                8.29679232057,
                                52.74799024862
                            ],
                            [
                                8.29679567333,
                                52.74799633712
                            ],
                            [
                                8.29679701444,
                                52.74800790526
                            ],
                            [
                                8.29679366168,
                                52.74802454715
                            ],
                            [
                                8.29669408467,
                                52.74847610817
                            ],
                            [
                                8.29663976893,
                                52.74868372381
                            ],
                            [
                                8.29663541134,
                                52.74869366759
                            ],
                            [
                                8.29662702944,
                                52.74870158251
                            ],
                            [
                                8.29661428895,
                                52.74870665618
                            ],
                            [
                                8.29660423066,
                                52.74870970037
                            ],
                            [
                                8.29659249600,
                                52.74871091805
                            ],
                            [
                                8.29657372054,
                                52.74870990332
                            ],
                            [
                                8.29656064376,
                                52.74870970098
                            ],
                            [
                                8.29631388053,
                                52.74866424091
                            ],
                            [
                                8.29629007710,
                                52.74865926801
                            ],
                            [
                                8.29627783952,
                                52.74865591938
                            ],
                            [
                                8.29626778124,
                                52.74865043982
                            ],
                            [
                                8.29626090808,
                                52.74864404699
                            ],
                            [
                                8.29625671713,
                                52.74863643648
                            ],
                            [
                                8.29625671713,
                                52.74862720239
                            ],
                            [
                                8.29639334198,
                                52.74803469464
                            ],
                            [
                                8.29639703002,
                                52.74802657665
                            ],
                            [
                                8.29640239444,
                                52.74802069110
                            ],
                            [
                                8.29641211744,
                                52.74801521146
                            ],
                            [
                                8.29642485794,
                                52.74801054361
                            ],
                            [
                                8.29644262757,
                                52.74800770231
                            ],
                            [
                                8.29646810755,
                                52.74800425277
                            ],
                            [
                                8.29664245114,
                                52.74798882858
                            ]
                        ]
                    ]
                ]
            }
        },
        {
            "type": "Feature",
            "properties": {
                "type": "multipolygon",
                "highway": "residential"
            },
            "geometry": {
                "type": "MultiPolygon",
                "coordinates": [
                    [
                        [
                            [
                                8.29551677726,
                                52.74859661909
                            ],
                            [
                                8.29548776016,
                                52.74871051277
                            ],
                            [
                                8.29546531709,
                                52.74870906695
                            ],
                            [
                                8.29544170831,
                                52.74881346134
                            ],
                            [
                                8.29541932574,
                                52.74881161383
                            ],
                            [
                                8.29539521034,
                                52.74891866059
                            ],
                            [
                                8.29533123449,
                                52.74891337989
                            ],
                            [
                                8.29532548651,
                                52.74893294171
                            ],
                            [
                                8.29543143377,
                                52.74894268310
                            ],
                            [
                                8.29545959696,
                                52.74882497452
                            ],
                            [
                                8.29550921783,
                                52.74882984523
                            ],
                            [
                                8.29553738102,
                                52.74870970098
                            ],
                            [
                                8.29551994666,
                                52.74870888920
                            ],
                            [
                                8.29554682394,
                                52.74860050535
                            ],
                            [
                                8.29565673932,
                                52.74861472186
                            ],
                            [
                                8.29611807927,
                                52.74867885308
                            ],
                            [
                                8.29614289071,
                                52.74868331730
                            ],
                            [
                                8.29615596648,
                                52.74869163812
                            ],
                            [
                                8.29616166618,
                                52.74869813241
                            ],
                            [
                                8.29616367783,
                                52.74871294752
                            ],
                            [
                                8.29620189931,
                                52.74871233868
                            ],
                            [
                                8.29623810913,
                                52.74871984771
                            ],
                            [
                                8.29624816742,
                                52.74871112100
                            ],
                            [
                                8.29625721987,
                                52.74870787385
                            ],
                            [
                                8.29626761343,
                                52.74870604734
                            ],
                            [
                                8.29628068920,
                                52.74870564144
                            ],
                            [
                                8.29633265600,
                                52.74871538349
                            ],
                            [
                                8.29725935921,
                                52.74889397614
                            ],
                            [
                                8.29741559789,
                                52.74892522978
                            ],
                            [
                                8.29789772496,
                                52.74902629658
                            ],
                            [
                                8.29791784219,
                                52.74903319631
                            ],
                            [
                                8.29794734649,
                                52.74904212590
                            ],
                            [
                                8.29797014527,
                                52.74904659069
                            ],
                            [
                                8.29800099067,
                                52.74904943192
                            ],
                            [
                                8.29804189436,
                                52.74904943192
                            ],
                            [
                                8.29807810418,
                                52.74904537302
                            ],
                            [
                                8.29812034898,
                                52.74904090823
                            ],
                            [
                                8.29815722935,
                                52.74903563165
                            ],
                            [
                                8.29818807475,
                                52.74903319631
                            ],
                            [
                                8.29822093181,
                                52.74903279042
                            ],
                            [
                                8.29824775390,
                                52.74903766110
                            ],
                            [
                                8.29827591710,
                                52.74904577891
                            ],
                            [
                                8.29830408029,
                                52.74905592616
                            ],
                            [
                                8.29831682079,
                                52.74906526163
                            ],
                            [
                                8.29833358459,
                                52.74909813870
                            ],
                            [
                                8.29835839503,
                                52.74918175189
                            ],
                            [
                                8.29839795560,
                                52.74929012530
                            ],
                            [
                                8.29866081208,
                                52.74987947049
                            ],
                            [
                                8.29875468939,
                                52.74986485872
                            ],
                            [
                                8.29847842187,
                                52.74927388979
                            ],
                            [
                                8.29843818873,
                                52.74917160589
                            ],
                            [
                                8.29839527339,
                                52.74901899137
                            ],
                            [
                                8.29838722676,
                                52.74891021261
                            ],
                            [
                                8.29841941327,
                                52.74856763892
                            ],
                            [
                                8.29851865500,
                                52.74774122969
                            ],
                            [
                                8.29854816064,
                                52.74761539899
                            ],
                            [
                                8.29861253365,
                                52.74700085682
                            ],
                            [
                                8.29875737160,
                                52.74588053387
                            ],
                            [
                                8.29887806833,
                                52.74528464141
                            ],
                            [
                                8.29892634809,
                                52.74512876587
                            ],
                            [
                                8.29908191621,
                                52.74488196178
                            ],
                            [
                                8.29950570524,
                                52.74421623326
                            ],
                            [
                                8.29958617151,
                                52.74410581876
                            ],
                            [
                                8.29975246847,
                                52.74392720649
                            ],
                            [
                                8.30000728101,
                                52.74373560179
                            ],
                            [
                                8.30026477307,
                                52.74354562164
                            ],
                            [
                                8.30096482694,
                                52.74301140115
                            ],
                            [
                                8.30088972509,
                                52.74296593512
                            ],
                            [
                                8.30009042948,
                                52.74356023553
                            ],
                            [
                                8.29897999495,
                                52.74356835435
                            ],
                            [
                                8.29883783787,
                                52.74370475037
                            ],
                            [
                                8.29877614707,
                                52.74375346313
                            ],
                            [
                                8.29874396056,
                                52.74376645319
                            ],
                            [
                                8.29870909184,
                                52.74377294822
                            ],
                            [
                                8.29867958754,
                                52.74377294822
                            ],
                            [
                                8.29863935441,
                                52.74376807695
                            ],
                            [
                                8.29859912127,
                                52.74375995816
                            ],
                            [
                                8.29856425256,
                                52.74374047307
                            ],
                            [
                                8.29850256175,
                                52.74367065141
                            ],
                            [
                                8.29800367087,
                                52.74312019301
                            ],
                            [
                                8.29788565367,
                                52.74314779728
                            ],
                            [
                                8.29847573966,
                                52.74378593827
                            ],
                            [
                                8.29852133721,
                                52.74384439347
                            ],
                            [
                                8.29859107465,
                                52.74394831363
                            ],
                            [
                                8.29867958754,
                                52.74408795594
                            ],
                            [
                                8.29873054951,
                                52.74420811293
                            ],
                            [
                                8.29878151149,
                                52.74434450694
                            ],
                            [
                                8.29883247346,
                                52.74452636497
                            ],
                            [
                                8.29885393113,
                                52.74465301564
                            ],
                            [
                                8.29885393113,
                                52.74486247556
                            ],
                            [
                                8.29882710904,
                                52.74501672835
                            ],
                            [
                                8.29878687590,
                                52.74512551683
                            ],
                            [
                                8.29875468940,
                                52.74528951089
                            ],
                            [
                                8.29866349429,
                                52.74587728651
                            ],
                            [
                                8.29861655798,
                                52.74628604427
                            ],
                            [
                                8.29861186411,
                                52.74630938442
                            ],
                            [
                                8.29860515859,
                                52.74632683879
                            ],
                            [
                                8.29859543558,
                                52.74634043696
                            ],
                            [
                                8.29855587300,
                                52.74636864806
                            ],
                            [
                                8.29852301594,
                                52.74638995860
                            ],
                            [
                                8.29847406562,
                                52.74641411053
                            ],
                            [
                                8.29841606285,
                                52.74643745061
                            ],
                            [
                                8.29835101929,
                                52.74644922213
                            ],
                            [
                                8.29825579852,
                                52.74646343055
                            ],
                            [
                                8.29781927101,
                                52.74652756373
                            ],
                            [
                                8.29742498629,
                                52.74657952064
                            ],
                            [
                                8.29725064270,
                                52.74659859855
                            ],
                            [
                                8.29705014758,
                                52.74662173558
                            ],
                            [
                                8.29592831366,
                                52.74674513287
                            ],
                            [
                                8.29590953819,
                                52.74674675652
                            ],
                            [
                                8.29589947991,
                                52.74674513287
                            ],
                            [
                                8.29588967367,
                                52.74674244335
                            ],
                            [
                                8.29588414161,
                                52.74673944975
                            ],
                            [
                                8.29587919629,
                                52.74673549212
                            ],
                            [
                                8.29587542444,
                                52.74672950492
                            ],
                            [
                                8.29588171087,
                                52.74671514579
                            ],
                            [
                                8.29589948025,
                                52.74668830502
                            ],
                            [
                                8.29592529651,
                                52.74664609013
                            ],
                            [
                                8.29593636062,
                                52.74660103382
                            ],
                            [
                                8.29592630133,
                                52.74651944586
                            ],
                            [
                                8.29591825470,
                                52.74648372545
                            ],
                            [
                                8.29590618477,
                                52.74642040281
                            ],
                            [
                                8.29588472709,
                                52.74633840799
                            ],
                            [
                                8.29582437739,
                                52.74612002497
                            ],
                            [
                                8.29577475518,
                                52.74597308345
                            ],
                            [
                                8.29568758472,
                                52.74572547149
                            ],
                            [
                                8.29550385207,
                                52.74507842931
                            ],
                            [
                                8.29546965592,
                                52.74494853123
                            ],
                            [
                                8.29541668229,
                                52.74495340237
                            ],
                            [
                                8.29542338781,
                                52.74498019363
                            ],
                            [
                                8.29542405836,
                                52.74499115368
                            ],
                            [
                                8.29541869394,
                                52.74500008409
                            ],
                            [
                                8.29540796511,
                                52.74500536116
                            ],
                            [
                                8.29539723627,
                                52.74500779672
                            ],
                            [
                                8.29538181357,
                                52.74500860858
                            ],
                            [
                                8.29535432093,
                                52.74500779672
                            ],
                            [
                                8.29519271784,
                                52.74500089595
                            ],
                            [
                                8.29519338839,
                                52.74502728125
                            ],
                            [
                                8.29535499148,
                                52.74503539980
                            ],
                            [
                                8.29538114302,
                                52.74504514206
                            ],
                            [
                                8.29541668229,
                                52.74506259693
                            ],
                            [
                                8.29543813929,
                                52.74507842850
                            ],
                            [
                                8.29562186927,
                                52.74573277888
                            ],
                            [
                                8.29569965467,
                                52.74598688387
                            ],
                            [
                                8.29572111234,
                                52.74614762735
                            ],
                            [
                                8.29577743873,
                                52.74630999390
                            ],
                            [
                                8.29580694303,
                                52.74640578988
                            ],
                            [
                                8.29582437739,
                                52.74645612328
                            ],
                            [
                                8.29583376512,
                                52.74651701038
                            ],
                            [
                                8.29583778843,
                                52.74654785981
                            ],
                            [
                                8.29583510622,
                                52.74658763930
                            ],
                            [
                                8.29582840070,
                                52.74661848868
                            ],
                            [
                                8.29581834342,
                                52.74664426353
                            ],
                            [
                                8.29581029680,
                                52.74666679167
                            ],
                            [
                                8.29573318329,
                                52.74668241929
                            ],
                            [
                                8.29572144862,
                                52.74667876608
                            ],
                            [
                                8.29574793443,
                                52.74665177352
                            ],
                            [
                                8.29577341542,
                                52.74663066606
                            ],
                            [
                                8.29579487309,
                                52.74660306400
                            ],
                            [
                                8.29580426082,
                                52.74657302643
                            ],
                            [
                                8.29580023751,
                                52.74648616093
                            ],
                            [
                                8.29568624362,
                                52.74649915017
                            ],
                            [
                                8.29511895642,
                                52.74658033287
                            ],
                            [
                                8.29505994782,
                                52.74669723569
                            ],
                            [
                                8.29508811101,
                                52.74675487515
                            ],
                            [
                                8.29517394170,
                                52.74699842136
                            ],
                            [
                                8.29530402884,
                                52.74699598591
                            ],
                            [
                                8.29567417368,
                                52.74671347216
                            ],
                            [
                                8.29573318329,
                                52.74674594449
                            ],
                            [
                                8.29577442225,
                                52.74677659080
                            ],
                            [
                                8.29571776059,
                                52.74682651786
                            ],
                            [
                                8.29480379753,
                                52.74744532470
                            ],
                            [
                                8.29467505150,
                                52.74753259420
                            ],
                            [
                                8.29463548891,
                                52.74749687461
                            ],
                            [
                                8.29459927909,
                                52.74745344280
                            ],
                            [
                                8.29456508025,
                                52.74741650584
                            ],
                            [
                                8.29453021154,
                                52.74737916254
                            ],
                            [
                                8.29446852073,
                                52.74732395933
                            ],
                            [
                                8.29442426428,
                                52.74729635770
                            ],
                            [
                                8.29435855017,
                                52.74726956787
                            ],
                            [
                                8.29402193293,
                                52.74730204039
                            ],
                            [
                                8.29385161265,
                                52.74715023114
                            ],
                            [
                                8.29372554884,
                                52.74715672567
                            ],
                            [
                                8.29369738564,
                                52.74718919827
                            ],
                            [
                                8.29364240035,
                                52.74721355271
                            ],
                            [
                                8.29364776477,
                                52.74728580414
                            ],
                            [
                                8.29365581140,
                                52.74737916253
                            ],
                            [
                                8.29385581694,
                                52.74743498957
                            ],
                            [
                                8.29386636481,
                                52.74747982703
                            ],
                            [
                                8.29386234149,
                                52.74751067577
                            ],
                            [
                                8.29386258259,
                                52.74754262543
                            ],
                            [
                                8.29366385870,
                                52.74755857206
                            ],
                            [
                                8.29351968996,
                                52.74757237280
                            ],
                            [
                                8.29277604751,
                                52.74764421772
                            ],
                            [
                                8.29283706777,
                                52.74786096949
                            ],
                            [
                                8.29286388986,
                                52.74796609777
                            ],
                            [
                                8.29286388986,
                                52.74797421577
                            ],
                            [
                                8.29285785489,
                                52.74798476917
                            ],
                            [
                                8.29284846716,
                                52.74799451077
                            ],
                            [
                                8.29283304445,
                                52.74800222287
                            ],
                            [
                                8.29281024568,
                                52.74800952906
                            ],
                            [
                                8.29277738795,
                                52.74801642977
                            ],
                            [
                                8.29239114985,
                                52.74804078374
                            ],
                            [
                                8.29217724234,
                                52.74806189132
                            ],
                            [
                                8.29115800291,
                                52.74813495314
                            ],
                            [
                                8.29030774266,
                                52.74819908507
                            ],
                            [
                                8.28941859037,
                                52.74826159332
                            ],
                            [
                                8.28891567617,
                                52.74828026460
                            ],
                            [
                                8.28864410385,
                                52.74828432276
                            ],
                            [
                                8.28842550382,
                                52.74827214584
                            ],
                            [
                                8.28803121909,
                                52.74824129763
                            ],
                            [
                                8.28795611724,
                                52.74822912070
                            ],
                            [
                                8.28789576754,
                                52.74820639042
                            ],
                            [
                                8.28785016999,
                                52.74817229498
                            ],
                            [
                                8.28781261906,
                                52.74805945512
                            ],
                            [
                                8.28779652581,
                                52.74795392116
                            ],
                            [
                                8.28772544324,
                                52.74775584380
                            ],
                            [
                                8.28765839204,
                                52.74745953178
                            ],
                            [
                                8.28753768861,
                                52.74658358261
                            ],
                            [
                                8.28754305303,
                                52.74618740965
                            ],
                            [
                                8.28757523954,
                                52.74592437479
                            ],
                            [
                                8.28805803716,
                                52.74032232956
                            ],
                            [
                                8.28793465555,
                                52.74032232956
                            ],
                            [
                                8.28743576467,
                                52.74592112744
                            ],
                            [
                                8.28741967142,
                                52.74618091498
                            ],
                            [
                                8.28741967142,
                                52.74658033530
                            ],
                            [
                                8.28753768861,
                                52.74747008774
                            ],
                            [
                                8.28759669721,
                                52.74779156317
                            ],
                            [
                                8.28754305303,
                                52.74787274346
                            ],
                            [
                                8.28745722637,
                                52.74791495472
                            ],
                            [
                                8.28736334905,
                                52.74792956714
                            ],
                            [
                                8.28728154168,
                                52.74793200254
                            ],
                            [
                                8.28716754779,
                                52.74791333111
                            ],
                            [
                                8.28671023116,
                                52.74779156074
                            ],
                            [
                                8.28625425562,
                                52.74766654280
                            ],
                            [
                                8.28555285394,
                                52.74749931288
                            ],
                            [
                                8.28453361452,
                                52.74728499476
                            ],
                            [
                                8.28330784902,
                                52.74712587667
                            ],
                            [
                                8.28319117293,
                                52.74711045216
                            ],
                            [
                                8.28309193119,
                                52.74709015675
                            ],
                            [
                                8.28298330173,
                                52.74706174315
                            ],
                            [
                                8.28291222319,
                                52.74701871682
                            ],
                            [
                                8.28287869558,
                                52.74696838407
                            ],
                            [
                                8.28289344773,
                                52.74688801392
                            ],
                            [
                                8.28291892871,
                                52.74678328895
                            ],
                            [
                                8.28301414713,
                                52.74562074372
                            ],
                            [
                                8.28284114465,
                                52.74561506082
                            ],
                            [
                                8.28271910414,
                                52.74693185220
                            ],
                            [
                                8.28267350659,
                                52.74698867954
                            ],
                            [
                                8.28261047468,
                                52.74700735136
                            ],
                            [
                                8.28256085381,
                                52.74701952863
                            ],
                            [
                                8.28250452742,
                                52.74701546954
                            ],
                            [
                                8.28242808446,
                                52.74714292480
                            ],
                            [
                                8.28246831760,
                                52.74720056368
                            ],
                            [
                                8.28248441085,
                                52.74726469699
                            ],
                            [
                                8.28248977527,
                                52.74732477114
                            ],
                            [
                                8.28246831760,
                                52.74736942080
                            ],
                            [
                                8.28225373685,
                                52.74801237320
                            ],
                            [
                                8.28193321690,
                                52.74877464386
                            ],
                            [
                                8.28207403287,
                                52.74879899741
                            ],
                            [
                                8.28240930498,
                                52.74801237320
                            ],
                            [
                                8.28280225262,
                                52.74723953076
                            ],
                            [
                                8.28289881214,
                                52.74719325735
                            ],
                            [
                                8.28303828701,
                                52.74717783286
                            ],
                            [
                                8.28314825758,
                                52.74717702105
                            ],
                            [
                                8.28329041466,
                                52.74719001009
                            ],
                            [
                                8.28447997034,
                                52.74735643425
                            ],
                            [
                                8.28552603185,
                                52.74756425756
                            ],
                            [
                                8.28622341022,
                                52.74772824001
                            ],
                            [
                                8.28733786806,
                                52.74801561797
                            ],
                            [
                                8.28746527299,
                                52.74804808993
                            ],
                            [
                                8.28754439816,
                                52.74805945512
                            ],
                            [
                                8.28760206565,
                                52.74808786806
                            ],
                            [
                                8.28764363989,
                                52.74813982311
                            ],
                            [
                                8.28837856516,
                                52.75183821397
                            ],
                            [
                                8.28851133451,
                                52.75183659051
                            ],
                            [
                                8.28782737121,
                                52.74845479927
                            ],
                            [
                                8.28781261906,
                                52.74840040922
                            ],
                            [
                                8.28783005342,
                                52.74837037289
                            ],
                            [
                                8.28786358103,
                                52.74835170165
                            ],
                            [
                                8.28790247306,
                                52.74833627758
                            ],
                            [
                                8.28793465957,
                                52.74832734785
                            ],
                            [
                                8.28841879830,
                                52.74833546578
                            ],
                            [
                                8.28864142165,
                                52.74834033654
                            ],
                            [
                                8.28892305360,
                                52.74833465399
                            ],
                            [
                                8.29031109676,
                                52.74825753354
                            ],
                            [
                                8.29116135702,
                                52.74819340169
                            ],
                            [
                                8.29185068473,
                                52.74813982311
                            ],
                            [
                                8.29187482461,
                                52.74818853091
                            ],
                            [
                                8.29193115100,
                                52.74821775557
                            ],
                            [
                                8.29194322094,
                                52.74823723866
                            ],
                            [
                                8.29192980990,
                                52.74825347456
                            ],
                            [
                                8.29197943076,
                                52.74827620482
                            ],
                            [
                                8.29203173384,
                                52.74829974685
                            ],
                            [
                                8.29203441605,
                                52.74825672174
                            ],
                            [
                                8.29198747739,
                                52.74820070785
                            ],
                            [
                                8.29196333751,
                                52.74813332873
                            ],
                            [
                                8.29218214459,
                                52.74812325572
                            ],
                            [
                                8.29219364289,
                                52.74812256019
                            ],
                            [
                                8.29220633974,
                                52.74812163577
                            ],
                            [
                                8.29221504843,
                                52.74812207007
                            ],
                            [
                                8.29222600075,
                                52.74812462870
                            ],
                            [
                                8.29223199593,
                                52.74812731077
                            ],
                            [
                                8.29224019794,
                                52.74813172475
                            ],
                            [
                                8.29224500739,
                                52.74813676601
                            ],
                            [
                                8.29225101771,
                                52.74814496096
                            ],
                            [
                                8.29228587314,
                                52.74824028289
                            ],
                            [
                                8.29229660299,
                                52.74826443318
                            ],
                            [
                                8.29231001303,
                                52.74828554045
                            ],
                            [
                                8.29232677784,
                                52.74830847303
                            ],
                            [
                                8.29234890506,
                                52.74833181271
                            ],
                            [
                                8.29238712654,
                                52.74836306675
                            ],
                            [
                                8.29245820507,
                                52.74840122101
                            ],
                            [
                                8.29251352563,
                                52.74842313939
                            ],
                            [
                                8.29257756338,
                                52.74844099881
                            ],
                            [
                                8.29265132412,
                                52.74845195799
                            ],
                            [
                                8.29473674163,
                                52.74855140232
                            ],
                            [
                                8.29521685705,
                                52.74857494421
                            ],
                            [
                                8.29510809256,
                                52.74902152729
                            ],
                            [
                                8.29501540711,
                                52.74901373518
                            ],
                            [
                                8.29499423370,
                                52.74908312119
                            ],
                            [
                                8.29511969916,
                                52.74908875380
                            ],
                            [
                                8.29513791471,
                                52.74907730623
                            ],
                            [
                                8.29515516624,
                                52.74907906229
                            ],
                            [
                                8.29527991149,
                                52.74857802225
                            ],
                            [
                                8.29533358687,
                                52.74857937744
                            ],
                            [
                                8.29531317821,
                                52.74868625156
                            ],
                            [
                                8.29546709718,
                                52.74869993740
                            ],
                            [
                                8.29549113411,
                                52.74859074248
                            ],
                            [
                                8.29551677726,
                                52.74859661909
                            ]
                        ],
                        [
                            [
                                8.29625084862,
                                52.74801318257
                            ],
                            [
                                8.29627524122,
                                52.74801368918
                            ],
                            [
                                8.29628597005,
                                52.74801495762
                            ],
                            [
                                8.29629678271,
                                52.74801790039
                            ],
                            [
                                8.29630650572,
                                52.74802322783
                            ],
                            [
                                8.29631295978,
                                52.74802941779
                            ],
                            [
                                8.29631622872,
                                52.74803647030
                            ],
                            [
                                8.29631631254,
                                52.74804397944
                            ],
                            [
                                8.29618312402,
                                52.74861735946
                            ],
                            [
                                8.29618128000,
                                52.74862243313
                            ],
                            [
                                8.29617524503,
                                52.74862801418
                            ],
                            [
                                8.29616820423,
                                52.74863207312
                            ],
                            [
                                8.29615915177,
                                52.74863491437
                            ],
                            [
                                8.29614993168,
                                52.74863623353
                            ],
                            [
                                8.29612612590,
                                52.74863420477
                            ],
                            [
                                8.29595714673,
                                52.74860985113
                            ],
                            [
                                8.29591774418,
                                52.74860448467
                            ],
                            [
                                8.29590853287,
                                52.74860010895
                            ],
                            [
                                8.29590082152,
                                52.74859493380
                            ],
                            [
                                8.29589512182,
                                52.74858874391
                            ],
                            [
                                8.29589160142,
                                52.74858103192
                            ],
                            [
                                8.29589160142,
                                52.74857413171
                            ],
                            [
                                8.29601883871,
                                52.74802576475
                            ],
                            [
                                8.29602135329,
                                52.74802028510
                            ],
                            [
                                8.29602655007,
                                52.74801480546
                            ],
                            [
                                8.29603459669,
                                52.74800963024
                            ],
                            [
                                8.29604448734,
                                52.74800587566
                            ],
                            [
                                8.29605521617,
                                52.74800415059
                            ],
                            [
                                8.29606711848,
                                52.74800404911
                            ],
                            [
                                8.29610600933,
                                52.74800506457
                            ],
                            [
                                8.29625084862,
                                52.74801318257
                            ]
                        ],
                        [
                            [
                                8.29898267716,
                                52.74493067160
                            ],
                            [
                                8.29936086863,
                                52.74428280494
                            ],
                            [
                                8.29941451281,
                                52.74419674674
                            ],
                            [
                                8.29950034350,
                                52.74408146096
                            ],
                            [
                                8.29965859383,
                                52.74390284859
                            ],
                            [
                                8.29972833127,
                                52.74382977968
                            ],
                            [
                                8.29963981837,
                                52.74383302719
                            ],
                            [
                                8.29905241460,
                                52.74384764098
                            ],
                            [
                                8.29885929555,
                                52.74385251224
                            ],
                            [
                                8.29883582873,
                                52.74385626565
                            ],
                            [
                                8.29882191477,
                                52.74385890425
                            ],
                            [
                                8.29880062474,
                                52.74386499333
                            ],
                            [
                                8.29878671078,
                                52.74387169131
                            ],
                            [
                                8.29877346737,
                                52.74388001304
                            ],
                            [
                                8.29875871522,
                                52.74389635206
                            ],
                            [
                                8.29870540632,
                                52.74396130210
                            ],
                            [
                                8.29876005113,
                                52.74404736392
                            ],
                            [
                                8.29881369531,
                                52.74414478862
                            ],
                            [
                                8.29887806833,
                                52.74433314242
                            ],
                            [
                                8.29891561925,
                                52.74451500049
                            ],
                            [
                                8.29893707693,
                                52.74464489864
                            ],
                            [
                                8.29893171251,
                                52.74486897205
                            ],
                            [
                                8.29893205281,
                                52.74491950714
                            ],
                            [
                                8.29893439975,
                                52.74492579904
                            ],
                            [
                                8.29893942889,
                                52.74492965536
                            ],
                            [
                                8.29894781079,
                                52.74493249686
                            ],
                            [
                                8.29895753380,
                                52.74493310575
                            ],
                            [
                                8.29896658625,
                                52.74493290278
                            ],
                            [
                                8.29897664454,
                                52.74493209093
                            ],
                            [
                                8.29898267716,
                                52.74493067160
                            ]
                        ],
                        [
                            [
                                8.29303890333,
                                52.74799694658
                            ],
                            [
                                8.29299800031,
                                52.74799126357
                            ],
                            [
                                8.29298257761,
                                52.74798761047
                            ],
                            [
                                8.29296983711,
                                52.74798314557
                            ],
                            [
                                8.29296044938,
                                52.74797705707
                            ],
                            [
                                8.29295307331,
                                52.74796934497
                            ],
                            [
                                8.29294904999,
                                52.74796000926
                            ],
                            [
                                8.29287193649,
                                52.74769252017
                            ],
                            [
                                8.29287193649,
                                52.74768196670
                            ],
                            [
                                8.29287663035,
                                52.74767181913
                            ],
                            [
                                8.29288534753,
                                52.74766613649
                            ],
                            [
                                8.29289741747,
                                52.74766207746
                            ],
                            [
                                8.29291284017,
                                52.74765842433
                            ],
                            [
                                8.29365178876,
                                52.74758820304
                            ],
                            [
                                8.29389989309,
                                52.74756790785
                            ],
                            [
                                8.29406619005,
                                52.74755816616
                            ],
                            [
                                8.29416207902,
                                52.74755897797
                            ],
                            [
                                8.29421974652,
                                52.74756181930
                            ],
                            [
                                8.29430960052,
                                52.74756871966
                            ],
                            [
                                8.29441219501,
                                52.74758049087
                            ],
                            [
                                8.29453457113,
                                52.74759916224
                            ],
                            [
                                8.29455938157,
                                52.74760362718
                            ],
                            [
                                8.29457513954,
                                52.74760930983
                            ],
                            [
                                8.29458754476,
                                52.74761600724
                            ],
                            [
                                8.29460196164,
                                52.74763102566
                            ],
                            [
                                8.29460732572,
                                52.74763812917
                            ],
                            [
                                8.29462626932,
                                52.74786797098
                            ],
                            [
                                8.29462425767,
                                52.74787629195
                            ],
                            [
                                8.29462023435,
                                52.74788380112
                            ],
                            [
                                8.29461269064,
                                52.74788999111
                            ],
                            [
                                8.29460162653,
                                52.74789506487
                            ],
                            [
                                8.29458955659,
                                52.74789810913
                            ],
                            [
                                8.29458016885,
                                52.74789963125
                            ],
                            [
                                8.29453825817,
                                52.74790196589
                            ],
                            [
                                8.29422309861,
                                52.74791251931
                            ],
                            [
                                8.29353108868,
                                52.74796122737
                            ],
                            [
                                8.29303890333,
                                52.74799694658
                            ]
                        ],
                        [
                            [
                                8.29545289144,
                                52.74796528637
                            ],
                            [
                                8.29547971454,
                                52.74796914181
                            ],
                            [
                                8.29549044337,
                                52.74797238901
                            ],
                            [
                                8.29549882527,
                                52.74797685392
                            ],
                            [
                                8.29550553080,
                                52.74798395717
                            ],
                            [
                                8.29550888356,
                                52.74799106042
                            ],
                            [
                                8.29550821301,
                                52.74799877252
                            ],
                            [
                                8.29539958354,
                                52.74848970567
                            ],
                            [
                                8.29539556023,
                                52.74849985305
                            ],
                            [
                                8.29538952526,
                                52.74850837685
                            ],
                            [
                                8.29537879642,
                                52.74851791538
                            ],
                            [
                                8.29536370900,
                                52.74852501855
                            ],
                            [
                                8.29534258660,
                                52.74853191876
                            ],
                            [
                                8.29532649335,
                                52.74853455708
                            ],
                            [
                                8.29527318344,
                                52.74853435474
                            ],
                            [
                                8.29497948155,
                                52.74851933662
                            ],
                            [
                                8.29494327240,
                                52.74851771264
                            ],
                            [
                                8.29492022275,
                                52.74851248638
                            ],
                            [
                                8.29490622497,
                                52.74850685459
                            ],
                            [
                                8.29488694659,
                                52.74849340931
                            ],
                            [
                                8.29488032489,
                                52.74848620467
                            ],
                            [
                                8.29487605012,
                                52.74847783308
                            ],
                            [
                                8.29487487607,
                                52.74846859931
                            ],
                            [
                                8.29486481829,
                                52.74799055294
                            ],
                            [
                                8.29486565648,
                                52.74797695529
                            ],
                            [
                                8.29487051798,
                                52.74796863434
                            ],
                            [
                                8.29487755878,
                                52.74796244436
                            ],
                            [
                                8.29488694651,
                                52.74795666028
                            ],
                            [
                                8.29489901645,
                                52.74795239833
                            ],
                            [
                                8.29492583737,
                                52.74794905036
                            ],
                            [
                                8.29545289144,
                                52.74796528637
                            ]
                        ],
                        [
                            [
                                8.29477026924,
                                52.74789628328
                            ],
                            [
                                8.29474931566,
                                52.74789577520
                            ],
                            [
                                8.29474026321,
                                52.74789506487
                            ],
                            [
                                8.29472685216,
                                52.74789171619
                            ],
                            [
                                8.29471796734,
                                52.74788786013
                            ],
                            [
                                8.29471059127,
                                52.74788238047
                            ],
                            [
                                8.29470505921,
                                52.74787649490
                            ],
                            [
                                8.29470120303,
                                52.74786705801
                            ],
                            [
                                8.29468276335,
                                52.74763112704
                            ],
                            [
                                8.29468678666,
                                52.74761499238
                            ],
                            [
                                8.29469516857,
                                52.74759784295
                            ],
                            [
                                8.29470656795,
                                52.74758292599
                            ],
                            [
                                8.29471997900,
                                52.74756882083
                            ],
                            [
                                8.29474881157,
                                52.74754720716
                            ],
                            [
                                8.29562924769,
                                52.74695458254
                            ],
                            [
                                8.29565573450,
                                52.74693996979
                            ],
                            [
                                8.29567518052,
                                52.74693428705
                            ],
                            [
                                8.29569462653,
                                52.74693185159
                            ],
                            [
                                8.29570569064,
                                52.74693185159
                            ],
                            [
                                8.29571541365,
                                52.74693347523
                            ],
                            [
                                8.29572513666,
                                52.74693753433
                            ],
                            [
                                8.29573150691,
                                52.74694240524
                            ],
                            [
                                8.29573754188,
                                52.74695133526
                            ],
                            [
                                8.29573821243,
                                52.74695925050
                            ],
                            [
                                8.29553235289,
                                52.74788958531
                            ],
                            [
                                8.29552866485,
                                52.74789668857
                            ],
                            [
                                8.29552262988,
                                52.74790277709
                            ],
                            [
                                8.29551558908,
                                52.74790744494
                            ],
                            [
                                8.29550452497,
                                52.74791150395
                            ],
                            [
                                8.29545155033,
                                52.74791251931
                            ],
                            [
                                8.29523295030,
                                52.74790196589
                            ],
                            [
                                8.29492047295,
                                52.74789628328
                            ],
                            [
                                8.29477026924,
                                52.74789628328
                            ]
                        ],
                        [
                            [
                                8.29473540053,
                                52.74795148576
                            ],
                            [
                                8.29475409343,
                                52.74795508737
                            ],
                            [
                                8.29476624719,
                                52.74795940006
                            ],
                            [
                                8.29477613783,
                                52.74796569151
                            ],
                            [
                                8.29478426828,
                                52.74797325140
                            ],
                            [
                                8.29478904597,
                                52.74798136940
                            ],
                            [
                                8.29479021943,
                                52.74798877708
                            ],
                            [
                                8.29480065494,
                                52.74849381518
                            ],
                            [
                                8.29479889474,
                                52.74849893961
                            ],
                            [
                                8.29479516480,
                                52.74850320151
                            ],
                            [
                                8.29478879455,
                                52.74850695604
                            ],
                            [
                                8.29477982591,
                                52.74850865572
                            ],
                            [
                                8.29473942385,
                                52.74850756566
                            ],
                            [
                                8.29265836493,
                                52.74840304754
                            ],
                            [
                                8.29260036215,
                                52.74839391488
                            ],
                            [
                                8.29257287052,
                                52.74838721698
                            ],
                            [
                                8.29254940018,
                                52.74838011440
                            ],
                            [
                                8.29252626713,
                                52.74837240176
                            ],
                            [
                                8.29250112042,
                                52.74836205201
                            ],
                            [
                                8.29247195240,
                                52.74834601849
                            ],
                            [
                                8.29244714096,
                                52.74833120387
                            ],
                            [
                                8.29242534902,
                                52.74831517033
                            ],
                            [
                                8.29240724310,
                                52.74829731147
                            ],
                            [
                                8.29237639770,
                                52.74826240431
                            ],
                            [
                                8.29235762224,
                                52.74821369659
                            ],
                            [
                                8.29234007158,
                                52.74814144731
                            ],
                            [
                                8.29234373436,
                                52.74812864993
                            ],
                            [
                                8.29235201150,
                                52.74811941655
                            ],
                            [
                                8.29236659512,
                                52.74811103571
                            ],
                            [
                                8.29238179369,
                                52.74810659952
                            ],
                            [
                                8.29240454980,
                                52.74810500276
                            ],
                            [
                                8.29353913531,
                                52.74801805337
                            ],
                            [
                                8.29423785076,
                                52.74796853357
                            ],
                            [
                                8.29470053181,
                                52.74795229756
                            ],
                            [
                                8.29473540053,
                                52.74795148576
                            ]
                        ],
                        [
                            [
                                8.29847976431,
                                52.74734587826
                            ],
                            [
                                8.29845562443,
                                52.74751554663
                            ],
                            [
                                8.29844791409,
                                52.74753299990
                            ],
                            [
                                8.29843886163,
                                52.74754619179
                            ],
                            [
                                8.29842478003,
                                52.74755897776
                            ],
                            [
                                8.29841036316,
                                52.74756892241
                            ],
                            [
                                8.29838991132,
                                52.74757683754
                            ],
                            [
                                8.29836778310,
                                52.74758394086
                            ],
                            [
                                8.29835101929,
                                52.74758942056
                            ],
                            [
                                8.29825915363,
                                52.74761012163
                            ],
                            [
                                8.29810224440,
                                52.74764015848
                            ],
                            [
                                8.29808717321,
                                52.74764101359
                            ],
                            [
                                8.29807206955,
                                52.74763995553
                            ],
                            [
                                8.29806595919,
                                52.74763761713
                            ],
                            [
                                8.29806134072,
                                52.74763427289
                            ],
                            [
                                8.29805673570,
                                52.74762994020
                            ],
                            [
                                8.29805396464,
                                52.74762493711
                            ],
                            [
                                8.29815119488,
                                52.74674563996
                            ],
                            [
                                8.29816359993,
                                52.74656064547
                            ],
                            [
                                8.29823166099,
                                52.74655009173
                            ],
                            [
                                8.29823501374,
                                52.74653730545
                            ],
                            [
                                8.29821523246,
                                52.74652492508
                            ],
                            [
                                8.29833894935,
                                52.74650138209
                            ],
                            [
                                8.29843014445,
                                52.74648331892
                            ],
                            [
                                8.29844355550,
                                52.74648047752
                            ],
                            [
                                8.29845428433,
                                52.74647438881
                            ],
                            [
                                8.29847238924,
                                52.74646809714
                            ],
                            [
                                8.29848881777,
                                52.74646342913
                            ],
                            [
                                8.29850424048,
                                52.74645997886
                            ],
                            [
                                8.29852100428,
                                52.74645997886
                            ],
                            [
                                8.29853340950,
                                52.74646139956
                            ],
                            [
                                8.29854715582,
                                52.74646484983
                            ],
                            [
                                8.29856224325,
                                52.74647175037
                            ],
                            [
                                8.29857330736,
                                52.74648088344
                            ],
                            [
                                8.29857833650,
                                52.74648676919
                            ],
                            [
                                8.29858168926,
                                52.74649488747
                            ],
                            [
                                8.29858370092,
                                52.74650097618
                            ],
                            [
                                8.29858671840,
                                52.74651599499
                            ],
                            [
                                8.29858336564,
                                52.74654704737
                            ],
                            [
                                8.29847976431,
                                52.74734587826
                            ]
                        ],
                        [
                            [
                                8.29794442392,
                                52.74773792333
                            ],
                            [
                                8.29818874463,
                                52.74768683794
                            ],
                            [
                                8.29826518759,
                                52.74768034350
                            ],
                            [
                                8.29829603299,
                                52.74768115530
                            ],
                            [
                                8.29831883177,
                                52.74768521433
                            ],
                            [
                                8.29834163055,
                                52.74769252058
                            ],
                            [
                                8.29836308822,
                                52.74770145044
                            ],
                            [
                                8.29838588700,
                                52.74771443932
                            ],
                            [
                                8.29840063915,
                                52.74772580459
                            ],
                            [
                                8.29841539130,
                                52.74774528791
                            ],
                            [
                                8.29842075571,
                                52.74776233580
                            ],
                            [
                                8.29841941461,
                                52.74777613647
                            ],
                            [
                                8.29839393362,
                                52.74798882858
                            ],
                            [
                                8.29834297165,
                                52.74836144317
                            ],
                            [
                                8.29830005631,
                                52.74888991722
                            ],
                            [
                                8.29828798637,
                                52.74890940001
                            ],
                            [
                                8.29826518759,
                                52.74892644745
                            ],
                            [
                                8.29823434219,
                                52.74894511844
                            ],
                            [
                                8.29819008574,
                                52.74896541299
                            ],
                            [
                                8.29814985260,
                                52.74897921328
                            ],
                            [
                                8.29810827836,
                                52.74898895466
                            ],
                            [
                                8.29807340965,
                                52.74899626069
                            ],
                            [
                                8.29803988203,
                                52.74900275494
                            ],
                            [
                                8.29801171884,
                                52.74900437850
                            ],
                            [
                                8.29797550902,
                                52.74900519028
                            ],
                            [
                                8.29794868693,
                                52.74900194316
                            ],
                            [
                                8.29791381821,
                                52.74899544891
                            ],
                            [
                                8.29734518990,
                                52.74886394015
                            ],
                            [
                                8.29732071575,
                                52.74885663349
                            ],
                            [
                                8.29731099274,
                                52.74885176279
                            ],
                            [
                                8.29730227556,
                                52.74884506557
                            ],
                            [
                                8.29729557004,
                                52.74883573005
                            ],
                            [
                                8.29729188200,
                                52.74882680043
                            ],
                            [
                                8.29729188200,
                                52.74881827669
                            ],
                            [
                                8.29735390808,
                                52.74850046189
                            ],
                            [
                                8.29741492733,
                                52.74788491806
                            ],
                            [
                                8.29741694000,
                                52.74786746370
                            ],
                            [
                                8.29741962221,
                                52.74786036043
                            ],
                            [
                                8.29742498662,
                                52.74785386601
                            ],
                            [
                                8.29743370380,
                                52.74784818340
                            ],
                            [
                                8.29748600587,
                                52.74783377451
                            ],
                            [
                                8.29790098137,
                                52.74774836471
                            ],
                            [
                                8.29789310612,
                                52.74788304324
                            ],
                            [
                                8.29783328642,
                                52.74788150930
                            ],
                            [
                                8.29782735757,
                                52.74796622827
                            ],
                            [
                                8.29797688579,
                                52.74797006257
                            ],
                            [
                                8.29798015012,
                                52.74788527529
                            ],
                            [
                                8.29793524689,
                                52.74788412385
                            ],
                            [
                                8.29794442392,
                                52.74773792333
                            ]
                        ],
                        [
                            [
                                8.29588338599,
                                52.74799207578
                            ],
                            [
                                8.29591171799,
                                52.74799532227
                            ],
                            [
                                8.29592294974,
                                52.74799907684
                            ],
                            [
                                8.29593267275,
                                52.74800445501
                            ],
                            [
                                8.29593971355,
                                52.74801064498
                            ],
                            [
                                8.29594407214,
                                52.74801937183
                            ],
                            [
                                8.29594323395,
                                52.74802738835
                            ],
                            [
                                8.29582035533,
                                52.74855941798
                            ],
                            [
                                8.29581666729,
                                52.74856631819
                            ],
                            [
                                8.29581096760,
                                52.74857230513
                            ],
                            [
                                8.29580124459,
                                52.74857808913
                            ],
                            [
                                8.29578967757,
                                52.74858189439
                            ],
                            [
                                8.29577584743,
                                52.74858361944
                            ],
                            [
                                8.29576360985,
                                52.74858280765
                            ],
                            [
                                8.29574257001,
                                52.74858062673
                            ],
                            [
                                8.29555347428,
                                52.74855383769
                            ],
                            [
                                8.29552799430,
                                52.74854957519
                            ],
                            [
                                8.29551391270,
                                52.74854673392
                            ],
                            [
                                8.29549949583,
                                52.74854125434
                            ],
                            [
                                8.29548910227,
                                52.74853496297
                            ],
                            [
                                8.29547904398,
                                52.74852643918
                            ],
                            [
                                8.29547367956,
                                52.74851872717
                            ],
                            [
                                8.29547066208,
                                52.74850898569
                            ],
                            [
                                8.29547099736,
                                52.74849965010
                            ],
                            [
                                8.29558499124,
                                52.74799613417
                            ],
                            [
                                8.29558934983,
                                52.74798984272
                            ],
                            [
                                8.29559605535,
                                52.74798537782
                            ],
                            [
                                8.29560343143,
                                52.74798213062
                            ],
                            [
                                8.29561147805,
                                52.74797989817
                            ],
                            [
                                8.29562388327,
                                52.74797847752
                            ],
                            [
                                8.29565539822,
                                52.74797746338
                            ],
                            [
                                8.29588338599,
                                52.74799207578
                            ]
                        ],
                        [
                            [
                                8.29624280199,
                                52.74795716837
                            ],
                            [
                                8.29610869154,
                                52.74795067396
                            ],
                            [
                                8.29607080635,
                                52.74794641140
                            ],
                            [
                                8.29606108334,
                                52.74794438190
                            ],
                            [
                                8.29605337199,
                                52.74793951109
                            ],
                            [
                                8.29604532536,
                                52.74793220488
                            ],
                            [
                                8.29604197260,
                                52.74792489867
                            ],
                            [
                                8.29604163732,
                                52.74791637476
                            ],
                            [
                                8.29617541250,
                                52.74732659711
                            ],
                            [
                                8.29617910054,
                                52.74731908785
                            ],
                            [
                                8.29618446495,
                                52.74731259335
                            ],
                            [
                                8.29619049992,
                                52.74730894019
                            ],
                            [
                                8.29620022293,
                                52.74730528703
                            ],
                            [
                                8.29621162232,
                                52.74730325750
                            ],
                            [
                                8.29622670975,
                                52.74730346046
                            ],
                            [
                                8.29627633061,
                                52.74730650475
                            ],
                            [
                                8.29642821070,
                                52.74731705832
                            ],
                            [
                                8.29643927481,
                                52.74731847899
                            ],
                            [
                                8.29645000365,
                                52.74732132033
                            ],
                            [
                                8.29645872083,
                                52.74732537939
                            ],
                            [
                                8.29646650403,
                                52.74733109245
                            ],
                            [
                                8.29647179659,
                                52.74733836839
                            ],
                            [
                                8.29647514936,
                                52.74734506584
                            ],
                            [
                                8.29647347298,
                                52.74735298100
                            ],
                            [
                                8.29634338550,
                                52.74792875493
                            ],
                            [
                                8.29633806362,
                                52.74794126136
                            ],
                            [
                                8.29633295066,
                                52.74794663954
                            ],
                            [
                                8.29632528122,
                                52.74795196698
                            ],
                            [
                                8.29631488737,
                                52.74795615301
                            ],
                            [
                                8.29630281743,
                                52.74795879136
                            ],
                            [
                                8.29629108276,
                                52.74795858841
                            ],
                            [
                                8.29624280199,
                                52.74795716837
                            ]
                        ],
                        [
                            [
                                8.29628806528,
                                52.74726165208
                            ],
                            [
                                8.29623743858,
                                52.74725881073
                            ],
                            [
                                8.29622637447,
                                52.74725718710
                            ],
                            [
                                8.29621665146,
                                52.74725414280
                            ],
                            [
                                8.29620927539,
                                52.74724866306
                            ],
                            [
                                8.29620256986,
                                52.74724298036
                            ],
                            [
                                8.29619921710,
                                52.74723607995
                            ],
                            [
                                8.29619888183,
                                52.74722714999
                            ],
                            [
                                8.29620055821,
                                52.74721639345
                            ],
                            [
                                8.29629862664,
                                52.74677993947
                            ],
                            [
                                8.29630063830,
                                52.74677445967
                            ],
                            [
                                8.29630248232,
                                52.74677050203
                            ],
                            [
                                8.29630969075,
                                52.74676299267
                            ],
                            [
                                8.29632058723,
                                52.74675629513
                            ],
                            [
                                8.29636283152,
                                52.74674756834
                            ],
                            [
                                8.29655192725,
                                52.74672686685
                            ],
                            [
                                8.29656667974,
                                52.74672524300
                            ],
                            [
                                8.29657640275,
                                52.74672564891
                            ],
                            [
                                8.29658579048,
                                52.74672727256
                            ],
                            [
                                8.29659551349,
                                52.74673011394
                            ],
                            [
                                8.29660356011,
                                52.74673437601
                            ],
                            [
                                8.29660691287,
                                52.74673782626
                            ],
                            [
                                8.29661060091,
                                52.74674391493
                            ],
                            [
                                8.29661060091,
                                52.74675020656
                            ],
                            [
                                8.29649778066,
                                52.74724714081
                            ],
                            [
                                8.29649476318,
                                52.74725404123
                            ],
                            [
                                8.29648805765,
                                52.74726073869
                            ],
                            [
                                8.29647900520,
                                52.74726631991
                            ],
                            [
                                8.29646894692,
                                52.74727027750
                            ],
                            [
                                8.29645821808,
                                52.74727200260
                            ],
                            [
                                8.29644480703,
                                52.74727220555
                            ],
                            [
                                8.29628806528,
                                52.74726165208
                            ]
                        ],
                        [
                            [
                                8.29727411136,
                                52.74788004724
                            ],
                            [
                                8.29730294636,
                                52.74787527715
                            ],
                            [
                                8.29731426193,
                                52.74787578452
                            ],
                            [
                                8.29732297911,
                                52.74787857509
                            ],
                            [
                                8.29733169629,
                                52.74788420697
                            ],
                            [
                                8.29733680925,
                                52.74789009253
                            ],
                            [
                                8.29733781483,
                                52.74789750038
                            ],
                            [
                                8.29727947578,
                                52.74850107134
                            ],
                            [
                                8.29722046718,
                                52.74879737384
                            ],
                            [
                                8.29721879197,
                                52.74880305562
                            ],
                            [
                                8.29721376283,
                                52.74880975285
                            ],
                            [
                                8.29720588384,
                                52.74881573976
                            ],
                            [
                                8.29719448445,
                                52.74882081341
                            ],
                            [
                                8.29718241451,
                                52.74882446644
                            ],
                            [
                                8.29717135040,
                                52.74882588707
                            ],
                            [
                                8.29715710117,
                                52.74882659738
                            ],
                            [
                                8.29711720213,
                                52.74882010381
                            ],
                            [
                                8.29673498735,
                                52.74874379600
                            ],
                            [
                                8.29670548405,
                                52.74873506870
                            ],
                            [
                                8.29669509050,
                                52.74872593610
                            ],
                            [
                                8.29668804970,
                                52.74871903592
                            ],
                            [
                                8.29668335583,
                                52.74871010627
                            ],
                            [
                                8.29668167945,
                                52.74870198840
                            ],
                            [
                                8.29686641660,
                                52.74798781322
                            ],
                            [
                                8.29687010463,
                                52.74797644802
                            ],
                            [
                                8.29687245157,
                                52.74797178016
                            ],
                            [
                                8.29688787326,
                                52.74795473296
                            ],
                            [
                                8.29714268312,
                                52.74790764850
                            ],
                            [
                                8.29727411136,
                                52.74788004724
                            ]
                        ],
                        [
                            [
                                8.29574558850,
                                52.74729960434
                            ],
                            [
                                8.29575086940,
                                52.74728963409
                            ],
                            [
                                8.29575497653,
                                52.74728524523
                            ],
                            [
                                8.29576084374,
                                52.74728174436
                            ],
                            [
                                8.29576889036,
                                52.74727900449
                            ],
                            [
                                8.29577777518,
                                52.74727727939
                            ],
                            [
                                8.29578900693,
                                52.74727636610
                            ],
                            [
                                8.29580409436,
                                52.74727626462
                            ],
                            [
                                8.29582052289,
                                52.74727646757
                            ],
                            [
                                8.29584583623,
                                52.74727717791
                            ],
                            [
                                8.29606359808,
                                52.74729199350
                            ],
                            [
                                8.29607466219,
                                52.74729371860
                            ],
                            [
                                8.29608472047,
                                52.74729716880
                            ],
                            [
                                8.29609276710,
                                52.74730163377
                            ],
                            [
                                8.29609863443,
                                52.74730792532
                            ],
                            [
                                8.29610181956,
                                52.74731431835
                            ],
                            [
                                8.29610198719,
                                52.74732253795
                            ],
                            [
                                8.29596846356,
                                52.74791343183
                            ],
                            [
                                8.29596720628,
                                52.74791799821
                            ],
                            [
                                8.29596460789,
                                52.74792317344
                            ],
                            [
                                8.29595890819,
                                52.74792926195
                            ],
                            [
                                8.29595119684,
                                52.74793428497
                            ],
                            [
                                8.29594147383,
                                52.74793793807
                            ],
                            [
                                8.29593074500,
                                52.74794006905
                            ],
                            [
                                8.29584784672,
                                52.74793606155
                            ],
                            [
                                8.29566880926,
                                52.74792388453
                            ],
                            [
                                8.29564232346,
                                52.74792023082
                            ],
                            [
                                8.29562991824,
                                52.74791617181
                            ],
                            [
                                8.29562187161,
                                52.74791150395
                            ],
                            [
                                8.29561617192,
                                52.74790602429
                            ],
                            [
                                8.29561281916,
                                52.74790074758
                            ],
                            [
                                8.29561382499,
                                52.74789283252
                            ],
                            [
                                8.29574558850,
                                52.74730001025
                            ],
                            [
                                8.29574558850,
                                52.74729960434
                            ]
                        ],
                        [
                            [
                                8.29391607179,
                                52.74753888293
                            ],
                            [
                                8.29391598567,
                                52.74752447652
                            ],
                            [
                                8.29392135009,
                                52.74748145064
                            ],
                            [
                                8.29389766845,
                                52.74740290860
                            ],
                            [
                                8.29388648138,
                                52.74736211449
                            ],
                            [
                                8.29390793905,
                                52.74734506644
                            ],
                            [
                                8.29411178694,
                                52.74732233570
                            ],
                            [
                                8.29435989127,
                                52.74729798133
                            ],
                            [
                                8.29443096980,
                                52.74733451289
                            ],
                            [
                                8.29449400171,
                                52.74738890427
                            ],
                            [
                                8.29452752932,
                                52.74742462394
                            ],
                            [
                                8.29455837540,
                                52.74746237271
                            ],
                            [
                                8.29459927909,
                                52.74750418089
                            ],
                            [
                                8.29460263185,
                                52.74751919936
                            ],
                            [
                                8.29461805455,
                                52.74756831376
                            ],
                            [
                                8.29461336069,
                                52.74757196689
                            ],
                            [
                                8.29459994964,
                                52.74757602593
                            ],
                            [
                                8.29458720915,
                                52.74757764955
                            ],
                            [
                                8.29457446866,
                                52.74757764955
                            ],
                            [
                                8.29456038706,
                                52.74757643184
                            ],
                            [
                                8.29450339012,
                                52.74756750195
                            ],
                            [
                                8.29438805513,
                                52.74755045398
                            ],
                            [
                                8.29430960052,
                                52.74754233590
                            ],
                            [
                                8.29423315756,
                                52.74753624734
                            ],
                            [
                                8.29416342013,
                                52.74753340601
                            ],
                            [
                                8.29406015508,
                                52.74753137649
                            ],
                            [
                                8.29391607179,
                                52.74753888293
                            ]
                        ],
                        [
                            [
                                8.29728886351,
                                52.74781916205
                            ],
                            [
                                8.29706758127,
                                52.74786462300
                            ],
                            [
                                8.29703472521,
                                52.74786685485
                            ],
                            [
                                8.29702500220,
                                52.74786604305
                            ],
                            [
                                8.29701628502,
                                52.74786279584
                            ],
                            [
                                8.29700957950,
                                52.74785853388
                            ],
                            [
                                8.29700555619,
                                52.74785346011
                            ],
                            [
                                8.29700354453,
                                52.74784615389
                            ],
                            [
                                8.29700488564,
                                52.74783762996
                            ],
                            [
                                8.29711326055,
                                52.74731260084
                            ],
                            [
                                8.29711317748,
                                52.74731259477
                            ],
                            [
                                8.29725231942,
                                52.74668059268
                            ],
                            [
                                8.29725399580,
                                52.74667369217
                            ],
                            [
                                8.29725600746,
                                52.74666841531
                            ],
                            [
                                8.29726204243,
                                52.74666171776
                            ],
                            [
                                8.29727210071,
                                52.74665542612
                            ],
                            [
                                8.29728148844,
                                52.74665156995
                            ],
                            [
                                8.29729523476,
                                52.74664852561
                            ],
                            [
                                8.29735893723,
                                52.74664182805
                            ],
                            [
                                8.29801708192,
                                52.74655476115
                            ],
                            [
                                8.29808279805,
                                52.74658398568
                            ],
                            [
                                8.29806804389,
                                52.74671184933
                            ],
                            [
                                8.29797991426,
                                52.74737304062
                            ],
                            [
                                8.29798020154,
                                52.74737307477
                            ],
                            [
                                8.29793862931,
                                52.74768237261
                            ],
                            [
                                8.29751619005,
                                52.74777081480
                            ],
                            [
                                8.29751618190,
                                52.74777096050
                            ],
                            [
                                8.29731132818,
                                52.74781429052
                            ],
                            [
                                8.29728886351,
                                52.74781916205
                            ]
                        ],
                        [
                            [
                                8.29611003365,
                                52.74677983809
                            ],
                            [
                                8.29616904192,
                                52.74677232894
                            ],
                            [
                                8.29618765024,
                                52.74677303898
                            ],
                            [
                                8.29619837908,
                                52.74677648922
                            ],
                            [
                                8.29620709626,
                                52.74677902617
                            ],
                            [
                                8.29621463997,
                                52.74678207050
                            ],
                            [
                                8.29621899856,
                                52.74678572371
                            ],
                            [
                                8.29622084258,
                                52.74679039168
                            ],
                            [
                                8.29622050731,
                                52.74679891582
                            ],
                            [
                                8.29621765746,
                                52.74681017985
                            ],
                            [
                                8.29612411542,
                                52.74722187310
                            ],
                            [
                                8.29612294195,
                                52.74722786023
                            ],
                            [
                                8.29612009211,
                                52.74723323850
                            ],
                            [
                                8.29611472769,
                                52.74723902267
                            ],
                            [
                                8.29610634578,
                                52.74724409651
                            ],
                            [
                                8.29609679041,
                                52.74724734376
                            ],
                            [
                                8.29608488811,
                                52.74724947477
                            ],
                            [
                                8.29607214762,
                                52.74724937330
                            ],
                            [
                                8.29581214098,
                                52.74723212225
                            ],
                            [
                                8.29580007104,
                                52.74723120896
                            ],
                            [
                                8.29578816874,
                                52.74722907795
                            ],
                            [
                                8.29577760754,
                                52.74722572921
                            ],
                            [
                                8.29576838745,
                                52.74721984356
                            ],
                            [
                                8.29576570524,
                                52.74721740812
                            ],
                            [
                                8.29576239451,
                                52.74721309528
                            ],
                            [
                                8.29576034065,
                                52.74720726054
                            ],
                            [
                                8.29576101121,
                                52.74719711286
                            ],
                            [
                                8.29584248347,
                                52.74685594628
                            ],
                            [
                                8.29584583607,
                                52.74684458089
                            ],
                            [
                                8.29585488852,
                                52.74683341835
                            ],
                            [
                                8.29587433454,
                                52.74681758782
                            ],
                            [
                                8.29589243945,
                                52.74680987552
                            ],
                            [
                                8.29590752687,
                                52.74680520754
                            ],
                            [
                                8.29592831399,
                                52.74680155434
                            ],
                            [
                                8.29611003365,
                                52.74677983809
                            ]
                        ],
                        [
                            [
                                8.29675510459,
                                52.74670372987
                            ],
                            [
                                8.29711452059,
                                52.74666476231
                            ],
                            [
                                8.29712642340,
                                52.74666435609
                            ],
                            [
                                8.29713849334,
                                52.74666587826
                            ],
                            [
                                8.29714871926,
                                52.74666922704
                            ],
                            [
                                8.29715911282,
                                52.74667470685
                            ],
                            [
                                8.29716363905,
                                52.74667957780
                            ],
                            [
                                8.29716866819,
                                52.74668729013
                            ],
                            [
                                8.29716799764,
                                52.74669591576
                            ],
                            [
                                8.29704210095,
                                52.74728742735
                            ],
                            [
                                8.29704008963,
                                52.74729635709
                            ],
                            [
                                8.29703673687,
                                52.74730244569
                            ],
                            [
                                8.29703070190,
                                52.74730731657
                            ],
                            [
                                8.29702064361,
                                52.74731015791
                            ],
                            [
                                8.29700991478,
                                52.74731036086
                            ],
                            [
                                8.29661194202,
                                52.74728377399
                            ],
                            [
                                8.29660020735,
                                52.74728154151
                            ],
                            [
                                8.29658847269,
                                52.74727829425
                            ],
                            [
                                8.29658009078,
                                52.74727322042
                            ],
                            [
                                8.29657405581,
                                52.74726692887
                            ],
                            [
                                8.29657170888,
                                52.74726023141
                            ],
                            [
                                8.29657137360,
                                52.74725191032
                            ],
                            [
                                8.29668905552,
                                52.74673376714
                            ],
                            [
                                8.29669307884,
                                52.74672422822
                            ],
                            [
                                8.29669810798,
                                52.74671834250
                            ],
                            [
                                8.29670615461,
                                52.74671306564
                            ],
                            [
                                8.29671621289,
                                52.74670941244
                            ],
                            [
                                8.29672660645,
                                52.74670717992
                            ],
                            [
                                8.29675510459,
                                52.74670372987
                            ]
                        ],
                        [
                            [
                                8.29702131383,
                                52.74738687434
                            ],
                            [
                                8.29691737857,
                                52.74786665190
                            ],
                            [
                                8.29691436108,
                                52.74788065549
                            ],
                            [
                                8.29691260881,
                                52.74788441611
                            ],
                            [
                                8.29691067304,
                                52.74788857056
                            ],
                            [
                                8.29690463807,
                                52.74789303547
                            ],
                            [
                                8.29686239228,
                                52.74790358950
                            ],
                            [
                                8.29669609532,
                                52.74792713174
                            ],
                            [
                                8.29658746585,
                                52.74794012055
                            ],
                            [
                                8.29648822412,
                                52.74794905036
                            ],
                            [
                                8.29646408524,
                                52.74795128220
                            ],
                            [
                                8.29645402696,
                                52.74795168810
                            ],
                            [
                                8.29644396868,
                                52.74794965860
                            ],
                            [
                                8.29643323984,
                                52.74794580255
                            ],
                            [
                                8.29642686959,
                                52.74794194649
                            ],
                            [
                                8.29642184045,
                                52.74793646684
                            ],
                            [
                                8.29641915824,
                                52.74793037833
                            ],
                            [
                                8.29641848769,
                                52.74792368097
                            ],
                            [
                                8.29654857500,
                                52.74735196614
                            ],
                            [
                                8.29655092193,
                                52.74734577607
                            ],
                            [
                                8.29655645398,
                                52.74733948453
                            ],
                            [
                                8.29656466825,
                                52.74733400480
                            ],
                            [
                                8.29657439126,
                                52.74733065607
                            ],
                            [
                                8.29658444954,
                                52.74732893097
                            ],
                            [
                                8.29659719003,
                                52.74732893097
                            ],
                            [
                                8.29699298350,
                                52.74735490896
                            ],
                            [
                                8.29700287415,
                                52.74735653258
                            ],
                            [
                                8.29701159133,
                                52.74735998278
                            ],
                            [
                                8.29701863213,
                                52.74736495513
                            ],
                            [
                                8.29702248780,
                                52.74737104371
                            ],
                            [
                                8.29702232016,
                                52.74737774116
                            ],
                            [
                                8.29702131383,
                                52.74738687434
                            ]
                        ],
                        [
                            [
                                8.29664245114,
                                52.74798882858
                            ],
                            [
                                8.29675577547,
                                52.74798010112
                            ],
                            [
                                8.29676918652,
                                52.74798010112
                            ],
                            [
                                8.29677890953,
                                52.74798172472
                            ],
                            [
                                8.29678695615,
                                52.74798517487
                            ],
                            [
                                8.29679232057,
                                52.74799024862
                            ],
                            [
                                8.29679567333,
                                52.74799633712
                            ],
                            [
                                8.29679701444,
                                52.74800790526
                            ],
                            [
                                8.29679366168,
                                52.74802454715
                            ],
                            [
                                8.29669408467,
                                52.74847610817
                            ],
                            [
                                8.29663976893,
                                52.74868372381
                            ],
                            [
                                8.29663541134,
                                52.74869366759
                            ],
                            [
                                8.29662702944,
                                52.74870158251
                            ],
                            [
                                8.29661428895,
                                52.74870665618
                            ],
                            [
                                8.29660423066,
                                52.74870970037
                            ],
                            [
                                8.29659249600,
                                52.74871091805
                            ],
                            [
                                8.29657372054,
                                52.74870990332
                            ],
                            [
                                8.29656064376,
                                52.74870970098
                            ],
                            [
                                8.29631388053,
                                52.74866424091
                            ],
                            [
                                8.29629007710,
                                52.74865926801
                            ],
                            [
                                8.29627783952,
                                52.74865591938
                            ],
                            [
                                8.29626778124,
                                52.74865043982
                            ],
                            [
                                8.29626090808,
                                52.74864404699
                            ],
                            [
                                8.29625671713,
                                52.74863643648
                            ],
                            [
                                8.29625671713,
                                52.74862720239
                            ],
                            [
                                8.29639334198,
                                52.74803469464
                            ],
                            [
                                8.29639703002,
                                52.74802657665
                            ],
                            [
                                8.29640239444,
                                52.74802069110
                            ],
                            [
                                8.29641211744,
                                52.74801521146
                            ],
                            [
                                8.29642485794,
                                52.74801054361
                            ],
                            [
                                8.29644262757,
                                52.74800770231
                            ],
                            [
                                8.29646810755,
                                52.74800425277
                            ],
                            [
                                8.29664245114,
                                52.74798882858
                            ]
                        ]
                    ]
                ]
            }
        },
        {
            "type": "Feature",
            "properties": {
                "building": "food-stall",
                "item_fries": "yes",
                "name": "Ludger Fischer",
                "item_shots": "yes",
                "item_longdrinks": "yes",
                "isTent": "yes",
                "item_softdrinks": "yes",
                "item_currywurst": "yes",
                "isBar": "yes",
                "item_sausauge": "yes",
                "item_beer": "yes"
            },
            "geometry": {
                "type": "Polygon",
                "coordinates": [
                    [
                        [
                            8.29565490492,
                            52.74789725438
                        ],
                        [
                            8.29580197326,
                            52.74790899601
                        ],
                        [
                            8.29585448019,
                            52.74791318805
                        ],
                        [
                            8.29586048399,
                            52.74788563360
                        ],
                        [
                            8.29580779200,
                            52.74788142678
                        ],
                        [
                            8.29585238370,
                            52.74767677255
                        ],
                        [
                            8.29570550042,
                            52.74766504564
                        ],
                        [
                            8.29565490492,
                            52.74789725438
                        ]
                    ]
                ]
            }
        },
        {
            "type": "Feature",
            "properties": {
                "game_machines": "yes",
                "building": "game-stall"
            },
            "geometry": {
                "type": "Polygon",
                "coordinates": [
                    [
                        [
                            8.29243623612,
                            52.74828780196
                        ],
                        [
                            8.29254280660,
                            52.74835708936
                        ],
                        [
                            8.29262405667,
                            52.74831129916
                        ],
                        [
                            8.29251748619,
                            52.74824201169
                        ],
                        [
                            8.29243623612,
                            52.74828780196
                        ]
                    ]
                ]
            }
        },
        {
            "type": "Feature",
            "properties": {
                "building": "exhibition"
            },
            "geometry": {
                "type": "Polygon",
                "coordinates": [
                    [
                        [
                            8.29778737301,
                            52.74867393616
                        ],
                        [
                            8.29774449529,
                            52.74867393616
                        ],
                        [
                            8.29774449529,
                            52.74870148776
                        ],
                        [
                            8.29778737301,
                            52.74870148776
                        ],
                        [
                            8.29778737301,
                            52.74867393616
                        ]
                    ]
                ]
            }
        },
        {
            "type": "Feature",
            "properties": {
                "building": "seller-stall",
                "products": "seller_type_jewelery"
            },
            "geometry": {
                "type": "Polygon",
                "coordinates": [
                    [
                        [
                            8.29578026607,
                            52.74646765829
                        ],
                        [
                            8.29582674205,
                            52.74646286126
                        ],
                        [
                            8.29579723731,
                            52.74635811175
                        ],
                        [
                            8.29575076133,
                            52.74636290879
                        ],
                        [
                            8.29578026607,
                            52.74646765829
                        ]
                    ]
                ]
            }
        },
        {
            "type": "Feature",
            "properties": {
                "type": "coaster",
                "website": "https://www.instagram.com/wilde_maus_barth/",
                "building": "ride",
                "slug": "wilde-maus",
                "name": "Wilde Maus"
            },
            "geometry": {
                "type": "Polygon",
                "coordinates": [
                    [
                        [
                            8.29738337823,
                            52.74841516754
                        ],
                        [
                            8.29770619116,
                            52.74842760802
                        ],
                        [
                            8.29774855086,
                            52.74802486039
                        ],
                        [
                            8.29742573793,
                            52.74801241980
                        ],
                        [
                            8.29738337823,
                            52.74841516754
                        ]
                    ]
                ]
            }
        },
        {
            "type": "Feature",
            "properties": {
                "building": "candy-stall",
                "item_crepe": "yes"
            },
            "geometry": {
                "type": "Polygon",
                "coordinates": [
                    [
                        [
                            8.29382231780,
                            52.74851976407
                        ],
                        [
                            8.29375014308,
                            52.74851635092
                        ],
                        [
                            8.29374604784,
                            52.74854808092
                        ],
                        [
                            8.29381822256,
                            52.74855149407
                        ],
                        [
                            8.29382231780,
                            52.74851976407
                        ]
                    ]
                ]
            }
        },
        {
            "type": "Feature",
            "properties": {
                "name": "Trinkwasserspender",
                "building": "water_fountain",
                "slug": "wasserspender-amtmannsbult",
                "description": "Dieses Jahr gibt es erstmalig einen kostenlosen Trinkwasserspender vor dem Amtmannsbult. Dieser steht über den kompletten Stoppelmarkt für alle Besucher*innen zur Verfügung."
            },
            "geometry": {
                "type": "Polygon",
                "coordinates": [
                    [
                        [
                            8.29532493610,
                            52.74866878765
                        ],
                        [
                            8.29534424950,
                            52.74867103585
                        ],
                        [
                            8.29534726402,
                            52.74866154728
                        ],
                        [
                            8.29532795062,
                            52.74865929908
                        ],
                        [
                            8.29532493610,
                            52.74866878765
                        ]
                    ]
                ]
            }
        },
        {
            "type": "Feature",
            "properties": {
                "building": "food-stall",
                "item_mushrooms": "yes"
            },
            "geometry": {
                "type": "Polygon",
                "coordinates": [
                    [
                        [
                            8.29771734707,
                            52.74660346950
                        ],
                        [
                            8.29760722720,
                            52.74661727484
                        ],
                        [
                            8.29761944644,
                            52.74665299085
                        ],
                        [
                            8.29772956631,
                            52.74663918552
                        ],
                        [
                            8.29771734707,
                            52.74660346950
                        ]
                    ]
                ]
            }
        },
        {
            "type": "Feature",
            "properties": {
                "building": "restroom"
            },
            "geometry": {
                "type": "Polygon",
                "coordinates": [
                    [
                        [
                            8.28911554750,
                            52.74825198747
                        ],
                        [
                            8.28911963135,
                            52.74827299971
                        ],
                        [
                            8.28920833042,
                            52.74826668310
                        ],
                        [
                            8.28920424657,
                            52.74824567086
                        ],
                        [
                            8.28911554750,
                            52.74825198747
                        ]
                    ]
                ]
            }
        },
        {
            "type": "Feature",
            "properties": {
                "building": "food-stall",
                "item_pretzel": "yes"
            },
            "geometry": {
                "type": "Polygon",
                "coordinates": [
                    [
                        [
                            8.29819295974,
                            52.74658299027
                        ],
                        [
                            8.29818788496,
                            52.74661234471
                        ],
                        [
                            8.29822740136,
                            52.74661484806
                        ],
                        [
                            8.29823247614,
                            52.74658549362
                        ],
                        [
                            8.29819295974,
                            52.74658299027
                        ]
                    ]
                ]
            }
        },
        {
            "type": "Feature",
            "properties": {
                "building": "exhibition"
            },
            "geometry": {
                "type": "Polygon",
                "coordinates": [
                    [
                        [
                            8.29757141682,
                            52.74848359128
                        ],
                        [
                            8.29764514762,
                            52.74848609861
                        ],
                        [
                            8.29764762492,
                            52.74845940666
                        ],
                        [
                            8.29757389411,
                            52.74845689934
                        ],
                        [
                            8.29757141682,
                            52.74848359128
                        ]
                    ]
                ]
            }
        },
        {
            "type": "Feature",
            "properties": {
                "name": "Karaoke Zelt",
                "operator": "Ellendorff",
                "building": "bar",
                "alias": "Wein Ellendorff",
                "slug": "wein-ellendorff",
                "item_shots": "yes",
                "isTent": "yes",
                "item_softdrinks": "yes",
                "item_beer": "yes"
            },
            "geometry": {
                "type": "Polygon",
                "coordinates": [
                    [
                        [
                            8.29772472248,
                            52.74660225218
                        ],
                        [
                            8.29777306613,
                            52.74673491726
                        ],
                        [
                            8.29786426123,
                            52.74672273991
                        ],
                        [
                            8.29781591758,
                            52.74659007479
                        ],
                        [
                            8.29772472248,
                            52.74660225218
                        ]
                    ]
                ]
            }
        },
        {
            "type": "Feature",
            "properties": {
                "building": "seller-stall",
                "products": "seller_type_leather"
            },
            "geometry": {
                "type": "Polygon",
                "coordinates": [
                    [
                        [
                            8.29700185240,
                            52.74636342348
                        ],
                        [
                            8.29703124982,
                            52.74648397396
                        ],
                        [
                            8.29707675668,
                            52.74647990746
                        ],
                        [
                            8.29704735925,
                            52.74635935697
                        ],
                        [
                            8.29700185240,
                            52.74636342348
                        ]
                    ]
                ]
            }
        },
        {
            "type": "Feature",
            "properties": {
                "building": "food-stall",
                "item_fries": "yes",
                "item_currywurst": "yes",
                "item_sausauge": "yes"
            },
            "geometry": {
                "type": "Polygon",
                "coordinates": [
                    [
                        [
                            8.29713898007,
                            52.74772983374
                        ],
                        [
                            8.29706334701,
                            52.74772357168
                        ],
                        [
                            8.29703877181,
                            52.74783233160
                        ],
                        [
                            8.29711440487,
                            52.74783859365
                        ],
                        [
                            8.29713898007,
                            52.74772983374
                        ]
                    ]
                ]
            }
        },
        {
            "type": "Feature",
            "properties": {
                "slug": "taxi-west",
                "building": "taxi",
                "amenity": "taxi"
            },
            "geometry": {
                "type": "Point",
                "coordinates": [
                    8.28847525340,
                    52.74833395119
                ]
            }
        },
        {
            "type": "Feature",
            "properties": {
                "building": "restroom"
            },
            "geometry": {
                "type": "Polygon",
                "coordinates": [
                    [
                        [
                            8.29687848553,
                            52.74686203565
                        ],
                        [
                            8.29699761215,
                            52.74684927741
                        ],
                        [
                            8.29699113831,
                            52.74682712734
                        ],
                        [
                            8.29687201169,
                            52.74683988559
                        ],
                        [
                            8.29687848553,
                            52.74686203565
                        ]
                    ]
                ]
            }
        },
        {
            "type": "Feature",
            "properties": {
                "building": "candy-stall",
                "item_gingerbread": "yes"
            },
            "geometry": {
                "type": "Polygon",
                "coordinates": [
                    [
                        [
                            8.29647032995,
                            52.74863250028
                        ],
                        [
                            8.29645234542,
                            52.74866724368
                        ],
                        [
                            8.29662150492,
                            52.74869932723
                        ],
                        [
                            8.29663948945,
                            52.74866458386
                        ],
                        [
                            8.29647032995,
                            52.74863250028
                        ]
                    ]
                ]
            }
        },
        {
            "type": "Feature",
            "properties": {
                "building": "candy-stall",
                "item_crepe": "yes"
            },
            "geometry": {
                "type": "Polygon",
                "coordinates": [
                    [
                        [
                            8.29493630281,
                            52.74810950883
                        ],
                        [
                            8.29489879463,
                            52.74811029174
                        ],
                        [
                            8.29490098836,
                            52.74814880104
                        ],
                        [
                            8.29493849653,
                            52.74814801813
                        ],
                        [
                            8.29493630281,
                            52.74810950883
                        ]
                    ]
                ]
            }
        },
        {
            "type": "Feature",
            "properties": {
                "item_hotdog": "yes",
                "building": "food-stall"
            },
            "geometry": {
                "type": "Polygon",
                "coordinates": [
                    [
                        [
                            8.29704020120,
                            52.74722973727
                        ],
                        [
                            8.29701043713,
                            52.74722735089
                        ],
                        [
                            8.29700255636,
                            52.74726336807
                        ],
                        [
                            8.29699774304,
                            52.74728536617
                        ],
                        [
                            8.29699759086,
                            52.74728606164
                        ],
                        [
                            8.29702735493,
                            52.74728844802
                        ],
                        [
                            8.29704020120,
                            52.74722973727
                        ]
                    ]
                ]
            }
        },
        {
            "type": "Feature",
            "properties": {
                "building": "restroom",
                "men": "yes",
                "women": "yes"
            },
            "geometry": {
                "type": "Polygon",
                "coordinates": [
                    [
                        [
                            8.29183040272,
                            52.74818459482
                        ],
                        [
                            8.29180266878,
                            52.74820731988
                        ],
                        [
                            8.29190235408,
                            52.74825189638
                        ],
                        [
                            8.29193008801,
                            52.74822917134
                        ],
                        [
                            8.29183040272,
                            52.74818459482
                        ]
                    ]
                ]
            }
        },
        {
            "type": "Feature",
            "properties": {
                "building": "restroom"
            },
            "geometry": {
                "type": "Polygon",
                "coordinates": [
                    [
                        [
                            8.29540796511,
                            52.74682834466
                        ],
                        [
                            8.29536976730,
                            52.74683348302
                        ],
                        [
                            8.29539589517,
                            52.74690465583
                        ],
                        [
                            8.29543409298,
                            52.74689951748
                        ],
                        [
                            8.29541863083,
                            52.74685739832
                        ],
                        [
                            8.29541026865,
                            52.74683461957
                        ],
                        [
                            8.29540796511,
                            52.74682834466
                        ]
                    ]
                ]
            }
        },
        {
            "type": "Feature",
            "properties": {
                "building": "restroom"
            },
            "geometry": {
                "type": "Polygon",
                "coordinates": [
                    [
                        [
                            8.29666660684,
                            52.74817087698
                        ],
                        [
                            8.29662783251,
                            52.74816743172
                        ],
                        [
                            8.29661368302,
                            52.74822578044
                        ],
                        [
                            8.29665245736,
                            52.74822922570
                        ],
                        [
                            8.29666660684,
                            52.74817087698
                        ]
                    ]
                ]
            }
        },
        {
            "type": "Feature",
            "properties": {
                "building": "food-stall",
                "item_langos": "yes"
            },
            "geometry": {
                "type": "Polygon",
                "coordinates": [
                    [
                        [
                            8.29251612970,
                            52.74810350770
                        ],
                        [
                            8.29252175611,
                            52.74812950694
                        ],
                        [
                            8.29263751594,
                            52.74812032786
                        ],
                        [
                            8.29263188952,
                            52.74809432861
                        ],
                        [
                            8.29251612970,
                            52.74810350770
                        ]
                    ]
                ]
            }
        },
        {
            "type": "Feature",
            "properties": {
                "name": "Polizei",
                "building": "police"
            },
            "geometry": {
                "type": "Polygon",
                "coordinates": [
                    [
                        [
                            8.29553738102,
                            52.74879656206
                        ],
                        [
                            8.29558902597,
                            52.74880338922
                        ],
                        [
                            8.29561450695,
                            52.74873276389
                        ],
                        [
                            8.29556286201,
                            52.74872593671
                        ],
                        [
                            8.29553738102,
                            52.74879656206
                        ]
                    ]
                ]
            }
        },
        {
            "type": "Feature",
            "properties": {
                "building": "seller-stall"
            },
            "geometry": {
                "type": "Polygon",
                "coordinates": [
                    [
                        [
                            8.28981013353,
                            52.74821487067
                        ],
                        [
                            8.28981277114,
                            52.74823150192
                        ],
                        [
                            8.28987204015,
                            52.74822805777
                        ],
                        [
                            8.28986940253,
                            52.74821142651
                        ],
                        [
                            8.28981013353,
                            52.74821487067
                        ]
                    ]
                ]
            }
        },
        {
            "type": "Feature",
            "properties": {
                "building": "taxi",
                "slug": "taxi-ost",
                "amenity": "taxi"
            },
            "geometry": {
                "type": "Point",
                "coordinates": [
                    8.29875468671,
                    52.74764543827
                ]
            }
        },
        {
            "type": "Feature",
            "properties": {
                "game_shooting": "yes",
                "operator": "Wimmert, D., H.",
                "building": "game-stall"
            },
            "geometry": {
                "type": "Polygon",
                "coordinates": [
                    [
                        [
                            8.29477681200,
                            52.74740891596
                        ],
                        [
                            8.29480472193,
                            52.74742420165
                        ],
                        [
                            8.29491336778,
                            52.74735151222
                        ],
                        [
                            8.29488545785,
                            52.74733622650
                        ],
                        [
                            8.29477681200,
                            52.74740891596
                        ]
                    ]
                ]
            }
        },
        {
            "type": "Feature",
            "properties": {
                "name": "Geldautomat",
                "item_atm": "yes",
                "slug": "geldautomat-amtmannsbult",
                "building": "atm"
            },
            "geometry": {
                "type": "Polygon",
                "coordinates": [
                    [
                        [
                            8.29528525338,
                            52.74874460779
                        ],
                        [
                            8.29529240848,
                            52.74872208623
                        ],
                        [
                            8.29525753977,
                            52.74871802730
                        ],
                        [
                            8.29525038466,
                            52.74874054886
                        ],
                        [
                            8.29528525338,
                            52.74874460779
                        ]
                    ]
                ]
            }
        },
        {
            "type": "Feature",
            "properties": {
                "building": "restroom"
            },
            "geometry": {
                "type": "Polygon",
                "coordinates": [
                    [
                        [
                            8.29761274092,
                            52.74674513287
                        ],
                        [
                            8.29772874646,
                            52.74675406293
                        ],
                        [
                            8.29773356311,
                            52.74673113485
                        ],
                        [
                            8.29761755757,
                            52.74672220479
                        ],
                        [
                            8.29761274092,
                            52.74674513287
                        ]
                    ]
                ]
            }
        },
        {
            "type": "Feature",
            "properties": {
                "railway": "rail"
            },
            "geometry": {
                "type": "LineString",
                "coordinates": [
                    [
                        8.28321933210,
                        52.74441757661
                    ],
                    [
                        8.28907727122,
                        52.74709990423
                    ],
                    [
                        8.29424857020,
                        52.74938591960
                    ],
                    [
                        8.30536901414,
                        52.75437641668
                    ]
                ]
            }
        },
        {
            "type": "Feature",
            "properties": {
                "building": "seller-stall",
                "products": "seller_type_leather"
            },
            "geometry": {
                "type": "Polygon",
                "coordinates": [
                    [
                        [
                            8.29820703467,
                            52.74707334604
                        ],
                        [
                            8.29822529843,
                            52.74696770268
                        ],
                        [
                            8.29814473687,
                            52.74696259918
                        ],
                        [
                            8.29812647311,
                            52.74706824255
                        ],
                        [
                            8.29820703467,
                            52.74707334604
                        ]
                    ]
                ]
            }
        },
        {
            "type": "Feature",
            "properties": {
                "building": "exhibition"
            },
            "geometry": {
                "type": "Polygon",
                "coordinates": [
                    [
                        [
                            8.29670472300,
                            52.74868670412
                        ],
                        [
                            8.29669093938,
                            52.74871235876
                        ],
                        [
                            8.29676653727,
                            52.74872724091
                        ],
                        [
                            8.29678032089,
                            52.74870158627
                        ],
                        [
                            8.29670472300,
                            52.74868670412
                        ]
                    ]
                ]
            }
        },
        {
            "type": "Feature",
            "properties": {
                "building": "candy-stall",
                "item_bubble_tea": "yes"
            },
            "geometry": {
                "type": "Polygon",
                "coordinates": [
                    [
                        [
                            8.29718423232,
                            52.74717359004
                        ],
                        [
                            8.29722332546,
                            52.74717615827
                        ],
                        [
                            8.29723056439,
                            52.74713578157
                        ],
                        [
                            8.29719147125,
                            52.74713321335
                        ],
                        [
                            8.29718423232,
                            52.74717359004
                        ]
                    ]
                ]
            }
        },
        {
            "type": "Feature",
            "properties": {
                "building": "food-stall",
                "item_meat": "yes",
                "isBar": "yes",
                "name": "Holtruper Grillhaus"
            },
            "geometry": {
                "type": "Polygon",
                "coordinates": [
                    [
                        [
                            8.29570561009,
                            52.74819032714
                        ],
                        [
                            8.29559497189,
                            52.74818157985
                        ],
                        [
                            8.29558525561,
                            52.74818081166
                        ],
                        [
                            8.29555830118,
                            52.74830573106
                        ],
                        [
                            8.29567865566,
                            52.74831524652
                        ],
                        [
                            8.29570561009,
                            52.74819032714
                        ]
                    ]
                ]
            }
        },
        {
            "type": "Feature",
            "properties": {
                "building": "food-stall",
                "item_fries": "yes",
                "item_currywurst": "yes",
                "item_sausauge": "yes"
            },
            "geometry": {
                "type": "Polygon",
                "coordinates": [
                    [
                        [
                            8.29605626911,
                            52.74801517088
                        ],
                        [
                            8.29604014794,
                            52.74809955304
                        ],
                        [
                            8.29612867908,
                            52.74810575049
                        ],
                        [
                            8.29614480025,
                            52.74802136834
                        ],
                        [
                            8.29605626911,
                            52.74801517088
                        ]
                    ]
                ]
            }
        },
        {
            "type": "Feature",
            "properties": {
                "building": "food-stall",
                "item_fish": "yes",
                "item_tarte_flambee": "no"
            },
            "geometry": {
                "type": "Polygon",
                "coordinates": [
                    [
                        [
                            8.29591018170,
                            52.74809331596
                        ],
                        [
                            8.29592721068,
                            52.74800827494
                        ],
                        [
                            8.29589177709,
                            52.74800567510
                        ],
                        [
                            8.29587474810,
                            52.74809071612
                        ],
                        [
                            8.29591018170,
                            52.74809331596
                        ]
                    ]
                ]
            }
        },
        {
            "type": "Feature",
            "properties": {
                "building": "restroom"
            },
            "geometry": {
                "type": "Polygon",
                "coordinates": [
                    [
                        [
                            8.29728656139,
                            52.74835305651
                        ],
                        [
                            8.29724674822,
                            52.74835121622
                        ],
                        [
                            8.29723920042,
                            52.74841104711
                        ],
                        [
                            8.29727901359,
                            52.74841288740
                        ],
                        [
                            8.29728656139,
                            52.74835305651
                        ]
                    ]
                ]
            }
        },
        {
            "type": "Feature",
            "properties": {
                "building": "food-stall",
                "item_beacon": "yes"
            },
            "geometry": {
                "type": "Polygon",
                "coordinates": [
                    [
                        [
                            8.29549492434,
                            52.74852254747
                        ],
                        [
                            8.29566971367,
                            52.74854623459
                        ],
                        [
                            8.29567950357,
                            52.74851976526
                        ],
                        [
                            8.29550471424,
                            52.74849607812
                        ],
                        [
                            8.29549492434,
                            52.74852254747
                        ]
                    ]
                ]
            }
        },
        {
            "type": "Feature",
            "properties": {
                "building": "food-stall",
                "item_meat": "yes"
            },
            "geometry": {
                "type": "Polygon",
                "coordinates": [
                    [
                        [
                            8.29406939340,
                            52.74845126140
                        ],
                        [
                            8.29407413977,
                            52.74840218012
                        ],
                        [
                            8.29395854745,
                            52.74839808432
                        ],
                        [
                            8.29395380108,
                            52.74844716561
                        ],
                        [
                            8.29406939340,
                            52.74845126140
                        ]
                    ]
                ]
            }
        },
        {
            "type": "Feature",
            "properties": {
                "building": "exhibition"
            },
            "geometry": {
                "type": "Polygon",
                "coordinates": [
                    [
                        [
                            8.29728298241,
                            52.74900942396
                        ],
                        [
                            8.29732791016,
                            52.74892474034
                        ],
                        [
                            8.29705048859,
                            52.74887081294
                        ],
                        [
                            8.29700556084,
                            52.74895549665
                        ],
                        [
                            8.29728298241,
                            52.74900942396
                        ]
                    ]
                ]
            }
        },
        {
            "type": "Feature",
            "properties": {
                "type": "merry_go_round",
                "building": "ride",
                "forKids": "yes",
                "name": "Nostalgie-Karusell"
            },
            "geometry": {
                "type": "Polygon",
                "coordinates": [
                    [
                        [
                            8.29546094608,
                            52.74798682559
                        ],
                        [
                            8.29547412714,
                            52.74799715586
                        ],
                        [
                            8.29548105278,
                            52.74800951712
                        ],
                        [
                            8.29548097249,
                            52.74802256982
                        ],
                        [
                            8.29547389497,
                            52.74803489950
                        ],
                        [
                            8.29546058719,
                            52.74804517006
                        ],
                        [
                            8.29544249125,
                            52.74805226851
                        ],
                        [
                            8.29542156812,
                            52.74805542565
                        ],
                        [
                            8.29540008515,
                            52.74805429933
                        ],
                        [
                            8.29538037036,
                            52.74804901162
                        ],
                        [
                            8.29536456014,
                            52.74804013551
                        ],
                        [
                            8.29535436778,
                            52.74802863288
                        ],
                        [
                            8.29535089778,
                            52.74801575021
                        ],
                        [
                            8.29535452617,
                            52.74800288353
                        ],
                        [
                            8.29536485975,
                            52.74799142715
                        ],
                        [
                            8.29538077872,
                            52.74798262254
                        ],
                        [
                            8.29540055802,
                            52.74797742384
                        ],
                        [
                            8.29542205425,
                            52.74797639439
                        ],
                        [
                            8.29544293796,
                            52.74797964575
                        ],
                        [
                            8.29546094608,
                            52.74798682559
                        ]
                    ]
                ]
            }
        },
        {
            "type": "Feature",
            "properties": {
                "building": "seller-stall"
            },
            "geometry": {
                "type": "Polygon",
                "coordinates": [
                    [
                        [
                            8.29800517101,
                            52.74679584629
                        ],
                        [
                            8.29799311967,
                            52.74686555536
                        ],
                        [
                            8.29804576929,
                            52.74686889068
                        ],
                        [
                            8.29805782063,
                            52.74679918162
                        ],
                        [
                            8.29800517101,
                            52.74679584629
                        ]
                    ]
                ]
            }
        },
        {
            "type": "Feature",
            "properties": {
                "building": "yes"
            },
            "geometry": {
                "type": "Polygon",
                "coordinates": [
                    [
                        [
                            8.29554006323,
                            52.74624504735
                        ],
                        [
                            8.29535364971,
                            52.74626940232
                        ],
                        [
                            8.29538348234,
                            52.74635307588
                        ],
                        [
                            8.29556989586,
                            52.74632872096
                        ],
                        [
                            8.29554006323,
                            52.74624504735
                        ]
                    ]
                ]
            }
        },
        {
            "type": "Feature",
            "properties": {
                "building": "candy-stall",
                "item_gingerbread": "yes",
                "item_backery": "no"
            },
            "geometry": {
                "type": "Polygon",
                "coordinates": [
                    [
                        [
                            8.29338048159,
                            52.74803930561
                        ],
                        [
                            8.29323315430,
                            52.74805094358
                        ],
                        [
                            8.29323891205,
                            52.74807765091
                        ],
                        [
                            8.29338623934,
                            52.74806601295
                        ],
                        [
                            8.29338048159,
                            52.74803930561
                        ]
                    ]
                ]
            }
        },
        {
            "type": "Feature",
            "properties": {
                "building": "ride",
                "slug": "mayday",
                "operator": "Meyer Gbr",
                "name": "Mayday",
                "website": "https://www.facebook.com/people/Mayday-The-Ultimate-Thrill/61578707084446/"
            },
            "geometry": {
                "type": "Polygon",
                "coordinates": [
                    [
                        [
                            8.29440133368,
                            52.74854700977
                        ],
                        [
                            8.29437912731,
                            52.74870043174
                        ],
                        [
                            8.29463209355,
                            52.74871384739
                        ],
                        [
                            8.29465429991,
                            52.74856042547
                        ],
                        [
                            8.29440133368,
                            52.74854700977
                        ]
                    ]
                ]
            }
        },
        {
            "type": "Feature",
            "properties": {
                "public_transport": "station",
                "amenity": "station",
                "building": "station",
                "priority": "20",
                "slug": "busbahnhof_west",
                "name": "Busbahnhof West"
            },
            "geometry": {
                "type": "Point",
                "coordinates": [
                    8.28604370087,
                    52.74774285330
                ]
            }
        },
        {
            "type": "Feature",
            "properties": {
                "slug": "brackmann",
                "building": "bar",
                "item_shots": "yes",
                "isTent": "yes",
                "item_softdrinks": "yes",
                "item_beer": "yes",
                "name": "Festzelt Brackmann"
            },
            "geometry": {
                "type": "Polygon",
                "coordinates": [
                    [
                        [
                            8.29603539584,
                            52.74751631192
                        ],
                        [
                            8.29605615518,
                            52.74742670064
                        ],
                        [
                            8.29608439528,
                            52.74730479707
                        ],
                        [
                            8.29597251437,
                            52.74729529996
                        ],
                        [
                            8.29596613418,
                            52.74732284123
                        ],
                        [
                            8.29585698543,
                            52.74731357604
                        ],
                        [
                            8.29578402637,
                            52.74730738285
                        ],
                        [
                            8.29576215064,
                            52.74740181346
                        ],
                        [
                            8.29583521043,
                            52.74740801520
                        ],
                        [
                            8.29581445779,
                            52.74749759762
                        ],
                        [
                            8.29596003926,
                            52.74750995538
                        ],
                        [
                            8.29595028617,
                            52.74755205623
                        ],
                        [
                            8.29602563363,
                            52.74755845213
                        ],
                        [
                            8.29603539584,
                            52.74751631192
                        ]
                    ]
                ]
            }
        },
        {
            "type": "Feature",
            "properties": {
                "building": "candy-stall",
                "item_bonbons": "yes"
            },
            "geometry": {
                "type": "Polygon",
                "coordinates": [
                    [
                        [
                            8.29815932051,
                            52.74720600027
                        ],
                        [
                            8.29812366873,
                            52.74720402035
                        ],
                        [
                            8.29811678528,
                            52.74724943825
                        ],
                        [
                            8.29815243705,
                            52.74725141817
                        ],
                        [
                            8.29815932051,
                            52.74720600027
                        ]
                    ]
                ]
            }
        },
        {
            "type": "Feature",
            "properties": {
                "building": "seller-stall"
            },
            "geometry": {
                "type": "Polygon",
                "coordinates": [
                    [
                        [
                            8.29304428686,
                            52.74765189148
                        ],
                        [
                            8.29304964004,
                            52.74766992274
                        ],
                        [
                            8.29316495658,
                            52.74765737814
                        ],
                        [
                            8.29315960340,
                            52.74763934688
                        ],
                        [
                            8.29304428686,
                            52.74765189148
                        ]
                    ]
                ]
            }
        },
        {
            "type": "Feature",
            "properties": {
                "name": "Moon Taxi",
                "building": "ride",
                "forKids": "yes",
                "type": "junior_jets"
            },
            "geometry": {
                "type": "Polygon",
                "coordinates": [
                    [
                        [
                            8.29238474282,
                            52.74815010223
                        ],
                        [
                            8.29239861531,
                            52.74813952843
                        ],
                        [
                            8.29241639612,
                            52.74813137515
                        ],
                        [
                            8.29243302095,
                            52.74812615468
                        ],
                        [
                            8.29245960224,
                            52.74812009923
                        ],
                        [
                            8.29248178431,
                            52.74812152357
                        ],
                        [
                            8.29250268432,
                            52.74812624239
                        ],
                        [
                            8.29252155290,
                            52.74813293522
                        ],
                        [
                            8.29253611217,
                            52.74814384775
                        ],
                        [
                            8.29254375572,
                            52.74815697190
                        ],
                        [
                            8.29254555316,
                            52.74817359530
                        ],
                        [
                            8.29253952280,
                            52.74818537889
                        ],
                        [
                            8.29253305493,
                            52.74819830139
                        ],
                        [
                            8.29252148116,
                            52.74820984426
                        ],
                        [
                            8.29250552872,
                            52.74821928221
                        ],
                        [
                            8.29248112518,
                            52.74822738749
                        ],
                        [
                            8.29245963459,
                            52.74823100606
                        ],
                        [
                            8.29244240730,
                            52.74823298242
                        ],
                        [
                            8.29242069505,
                            52.74822988643
                        ],
                        [
                            8.29240432008,
                            52.74822430186
                        ],
                        [
                            8.29238944908,
                            52.74821320931
                        ],
                        [
                            8.29237712274,
                            52.74820195554
                        ],
                        [
                            8.29237206263,
                            52.74818851713
                        ],
                        [
                            8.29237190908,
                            52.74817574347
                        ],
                        [
                            8.29237565031,
                            52.74816243215
                        ],
                        [
                            8.29238474282,
                            52.74815010223
                        ]
                    ]
                ]
            }
        },
        {
            "type": "Feature",
            "properties": {
                "building": "candy-stall",
                "item_gingerbread": "yes"
            },
            "geometry": {
                "type": "Polygon",
                "coordinates": [
                    [
                        [
                            8.29714977063,
                            52.74782666662
                        ],
                        [
                            8.29731934238,
                            52.74779139853
                        ],
                        [
                            8.29730473754,
                            52.74776566822
                        ],
                        [
                            8.29713516580,
                            52.74780093633
                        ],
                        [
                            8.29714977063,
                            52.74782666662
                        ]
                    ]
                ]
            }
        },
        {
            "type": "Feature",
            "properties": {
                "building": "restroom"
            },
            "geometry": {
                "type": "Polygon",
                "coordinates": [
                    [
                        [
                            8.29580560260,
                            52.74764624724
                        ],
                        [
                            8.29584384843,
                            52.74764978950
                        ],
                        [
                            8.29587131672,
                            52.74754111819
                        ],
                        [
                            8.29583307088,
                            52.74753757592
                        ],
                        [
                            8.29580560260,
                            52.74764624724
                        ]
                    ]
                ]
            }
        },
        {
            "type": "Feature",
            "properties": {
                "item_churros": "yes",
                "building": "candy-stall"
            },
            "geometry": {
                "type": "Polygon",
                "coordinates": [
                    [
                        [
                            8.29354538333,
                            52.74854643543
                        ],
                        [
                            8.29363413511,
                            52.74855125670
                        ],
                        [
                            8.29364011265,
                            52.74851093862
                        ],
                        [
                            8.29355136087,
                            52.74850611735
                        ],
                        [
                            8.29354538333,
                            52.74854643543
                        ]
                    ]
                ]
            }
        },
        {
            "type": "Feature",
            "properties": {
                "building": "food-stall",
                "item_langos": "yes"
            },
            "geometry": {
                "type": "Polygon",
                "coordinates": [
                    [
                        [
                            8.29549680784,
                            52.74769556156
                        ],
                        [
                            8.29555602138,
                            52.74769961989
                        ],
                        [
                            8.29556426924,
                            52.74765552448
                        ],
                        [
                            8.29550505570,
                            52.74765146615
                        ],
                        [
                            8.29549680784,
                            52.74769556156
                        ]
                    ]
                ]
            }
        },
        {
            "type": "Feature",
            "properties": {
                "slug": "lachsaloon",
                "type": "fun_house",
                "operator": "Heitkamp",
                "building": "ride",
                "name": "Fuzzy's Lachsaloon"
            },
            "geometry": {
                "type": "Polygon",
                "coordinates": [
                    [
                        [
                            8.29476691038,
                            52.74811628115
                        ],
                        [
                            8.29464692206,
                            52.74811748167
                        ],
                        [
                            8.29465333804,
                            52.74835244592
                        ],
                        [
                            8.29477332635,
                            52.74835124541
                        ],
                        [
                            8.29476691038,
                            52.74811628115
                        ]
                    ]
                ]
            }
        },
        {
            "type": "Feature",
            "properties": {
                "building": "food-stall",
                "item_pasta": "yes"
            },
            "geometry": {
                "type": "Polygon",
                "coordinates": [
                    [
                        [
                            8.29494269632,
                            52.74828331935
                        ],
                        [
                            8.29490247799,
                            52.74828331935
                        ],
                        [
                            8.29490247799,
                            52.74833599277
                        ],
                        [
                            8.29494269632,
                            52.74833599277
                        ],
                        [
                            8.29494269632,
                            52.74828331935
                        ]
                    ]
                ]
            }
        },
        {
            "type": "Feature",
            "properties": {
                "building": "candy-stall",
                "item_slush": "yes"
            },
            "geometry": {
                "type": "Polygon",
                "coordinates": [
                    [
                        [
                            8.29584884466,
                            52.74688327478
                        ],
                        [
                            8.29584326269,
                            52.74690982390
                        ],
                        [
                            8.29588633637,
                            52.74691314242
                        ],
                        [
                            8.29589191835,
                            52.74688659331
                        ],
                        [
                            8.29584884466,
                            52.74688327478
                        ]
                    ]
                ]
            }
        },
        {
            "type": "Feature",
            "properties": {
                "game_horse_race": "yes",
                "name": "Kentucky Derby",
                "operator": "Parpalioni",
                "building": "game-stall"
            },
            "geometry": {
                "type": "Polygon",
                "coordinates": [
                    [
                        [
                            8.29634276179,
                            52.74706269716
                        ],
                        [
                            8.29636190001,
                            52.74697001686
                        ],
                        [
                            8.29629555420,
                            52.74696499666
                        ],
                        [
                            8.29627641599,
                            52.74705767697
                        ],
                        [
                            8.29634276179,
                            52.74706269716
                        ]
                    ]
                ]
            }
        },
        {
            "type": "Feature",
            "properties": {
                "building": "candy-stall",
                "item_gingerbread": "yes"
            },
            "geometry": {
                "type": "Polygon",
                "coordinates": [
                    [
                        [
                            8.29238742173,
                            52.74842435232
                        ],
                        [
                            8.29245745875,
                            52.74845643506
                        ],
                        [
                            8.29248991868,
                            52.74843047129
                        ],
                        [
                            8.29241988167,
                            52.74839838854
                        ],
                        [
                            8.29238742173,
                            52.74842435232
                        ]
                    ]
                ]
            }
        },
        {
            "type": "Feature",
            "properties": {
                "building": "seller-stall",
                "products": "seller_type_jewelery"
            },
            "geometry": {
                "type": "Polygon",
                "coordinates": [
                    [
                        [
                            8.28977126369,
                            52.74832119294
                        ],
                        [
                            8.28988596066,
                            52.74831628388
                        ],
                        [
                            8.28988095005,
                            52.74827338847
                        ],
                        [
                            8.28976625308,
                            52.74827829753
                        ],
                        [
                            8.28977126369,
                            52.74832119294
                        ]
                    ]
                ]
            }
        },
        {
            "type": "Feature",
            "properties": {
                "building": "seller-stall"
            },
            "geometry": {
                "type": "Polygon",
                "coordinates": [
                    [
                        [
                            8.29800396168,
                            52.74714568626
                        ],
                        [
                            8.29794153969,
                            52.74714466737
                        ],
                        [
                            8.29793880196,
                            52.74720612714
                        ],
                        [
                            8.29800122395,
                            52.74720714602
                        ],
                        [
                            8.29800396168,
                            52.74714568626
                        ]
                    ]
                ]
            }
        },
        {
            "type": "Feature",
            "properties": {
                "building": "food-stall",
                "item_pizza": "yes"
            },
            "geometry": {
                "type": "Polygon",
                "coordinates": [
                    [
                        [
                            8.29594280862,
                            52.74671344314
                        ],
                        [
                            8.29594200394,
                            52.74665486388
                        ],
                        [
                            8.29590253257,
                            52.74665506256
                        ],
                        [
                            8.29590333725,
                            52.74671364182
                        ],
                        [
                            8.29594280862,
                            52.74671344314
                        ]
                    ]
                ]
            }
        },
        {
            "type": "Feature",
            "properties": {
                "building": "food-stall",
                "item_pizza": "yes"
            },
            "geometry": {
                "type": "Polygon",
                "coordinates": [
                    [
                        [
                            8.29573953554,
                            52.74752086765
                        ],
                        [
                            8.29572597217,
                            52.74758311726
                        ],
                        [
                            8.29578031262,
                            52.74758745571
                        ],
                        [
                            8.29579387599,
                            52.74752520612
                        ],
                        [
                            8.29573953554,
                            52.74752086765
                        ]
                    ]
                ]
            }
        },
        {
            "type": "Feature",
            "properties": {
                "item_ice_cream": "yes",
                "building": "candy-stall",
                "item_slush": "no"
            },
            "geometry": {
                "type": "Polygon",
                "coordinates": [
                    [
                        [
                            8.29287714024,
                            52.74807604588
                        ],
                        [
                            8.29280465910,
                            52.74808231525
                        ],
                        [
                            8.29280986728,
                            52.74810437790
                        ],
                        [
                            8.29288234841,
                            52.74809810853
                        ],
                        [
                            8.29287714024,
                            52.74807604588
                        ]
                    ]
                ]
            }
        },
        {
            "type": "Feature",
            "properties": {
                "name": "Ritzer",
                "building": "bar",
                "item_shots": "yes",
                "isTent": "yes",
                "item_softdrinks": "yes",
                "item_beer": "yes",
                "slug": "ritzer"
            },
            "geometry": {
                "type": "Polygon",
                "coordinates": [
                    [
                        [
                            8.29666122660,
                            52.74705768406
                        ],
                        [
                            8.29706624016,
                            52.74709015675
                        ],
                        [
                            8.29708630037,
                            52.74699847598
                        ],
                        [
                            8.29668128681,
                            52.74696600323
                        ],
                        [
                            8.29666122660,
                            52.74705768406
                        ]
                    ]
                ]
            }
        },
        {
            "type": "Feature",
            "properties": {
                "building": "exhibition"
            },
            "geometry": {
                "type": "Polygon",
                "coordinates": [
                    [
                        [
                            8.29723780030,
                            52.74866959503
                        ],
                        [
                            8.29726627225,
                            52.74849145992
                        ],
                        [
                            8.29709482206,
                            52.74848141914
                        ],
                        [
                            8.29697074515,
                            52.74847415271
                        ],
                        [
                            8.29695370721,
                            52.74858075093
                        ],
                        [
                            8.29707135933,
                            52.74858764108
                        ],
                        [
                            8.29705992532,
                            52.74865917803
                        ],
                        [
                            8.29723780030,
                            52.74866959503
                        ]
                    ]
                ]
            }
        },
        {
            "type": "Feature",
            "properties": {
                "building": "candy-stall",
                "item_gingerbread": "yes"
            },
            "geometry": {
                "type": "Polygon",
                "coordinates": [
                    [
                        [
                            8.29798692437,
                            52.74648377700
                        ],
                        [
                            8.29813239574,
                            52.74646119749
                        ],
                        [
                            8.29812348016,
                            52.74644014925
                        ],
                        [
                            8.29797800879,
                            52.74646272876
                        ],
                        [
                            8.29798692437,
                            52.74648377700
                        ]
                    ]
                ]
            }
        },
        {
            "type": "Feature",
            "properties": {
                "softdrinks": "yes",
                "building": "restaurant",
                "slug": "oldehus",
                "name": "Oldehus",
                "item_shots": "yes",
                "isBar": "yes",
                "beer": "yes"
            },
            "geometry": {
                "type": "Polygon",
                "coordinates": [
                    [
                        [
                            8.29570904240,
                            52.74653162327
                        ],
                        [
                            8.29568319366,
                            52.74645990626
                        ],
                        [
                            8.29564066765,
                            52.74634191815
                        ],
                        [
                            8.29557607754,
                            52.74635044890
                        ],
                        [
                            8.29556822643,
                            52.74632866602
                        ],
                        [
                            8.29537664400,
                            52.74635396931
                        ],
                        [
                            8.29538449511,
                            52.74637575218
                        ],
                        [
                            8.29539144228,
                            52.74639502706
                        ],
                        [
                            8.29542702111,
                            52.74649374021
                        ],
                        [
                            8.29524062917,
                            52.74651835787
                        ],
                        [
                            8.29526647791,
                            52.74659007478
                        ],
                        [
                            8.29545286986,
                            52.74656545716
                        ],
                        [
                            8.29570904240,
                            52.74653162327
                        ]
                    ]
                ]
            }
        },
        {
            "type": "Feature",
            "properties": {
                "item_hotdog": "yes",
                "building": "food-stall"
            },
            "geometry": {
                "type": "Polygon",
                "coordinates": [
                    [
                        [
                            8.29525165936,
                            52.74785863667
                        ],
                        [
                            8.29514047645,
                            52.74785714107
                        ],
                        [
                            8.29513965911,
                            52.74787940523
                        ],
                        [
                            8.29525084201,
                            52.74788090082
                        ],
                        [
                            8.29525165936,
                            52.74785863667
                        ]
                    ]
                ]
            }
        },
        {
            "type": "Feature",
            "properties": {
                "type": "coaster",
                "operator": "Wegener",
                "building": "ride",
                "forKids": "yes",
                "name": "Tom der Tiger"
            },
            "geometry": {
                "type": "Polygon",
                "coordinates": [
                    [
                        [
                            8.29545656189,
                            52.74726018579
                        ],
                        [
                            8.29541065469,
                            52.74747251134
                        ],
                        [
                            8.29560280281,
                            52.74748773428
                        ],
                        [
                            8.29564871001,
                            52.74727540881
                        ],
                        [
                            8.29545656189,
                            52.74726018579
                        ]
                    ]
                ]
            }
        },
        {
            "type": "Feature",
            "properties": {
                "products": "seller_type_minerals",
                "building": "seller-stall"
            },
            "geometry": {
                "type": "Polygon",
                "coordinates": [
                    [
                        [
                            8.29801983150,
                            52.74705389040
                        ],
                        [
                            8.29797705935,
                            52.74705118082
                        ],
                        [
                            8.29796118954,
                            52.74714297669
                        ],
                        [
                            8.29800396168,
                            52.74714568626
                        ],
                        [
                            8.29801983150,
                            52.74705389040
                        ]
                    ]
                ]
            }
        },
        {
            "type": "Feature",
            "properties": {
                "slug": "festzelt-bloemer",
                "building": "bar",
                "item_shots": "yes",
                "isTent": "yes",
                "item_softdrinks": "yes",
                "item_beer": "yes",
                "name": "Festzelt Blömer"
            },
            "geometry": {
                "type": "Polygon",
                "coordinates": [
                    [
                        [
                            8.29356160201,
                            52.74776510283
                        ],
                        [
                            8.29361021385,
                            52.74776152399
                        ],
                        [
                            8.29359906702,
                            52.74770604488
                        ],
                        [
                            8.29355045518,
                            52.74770962371
                        ],
                        [
                            8.29353232094,
                            52.74761936731
                        ],
                        [
                            8.29323459574,
                            52.74764128608
                        ],
                        [
                            8.29325268871,
                            52.74773133705
                        ],
                        [
                            8.29318250335,
                            52.74773650414
                        ],
                        [
                            8.29320922360,
                            52.74786949382
                        ],
                        [
                            8.29327940895,
                            52.74786432674
                        ],
                        [
                            8.29329773650,
                            52.74795554476
                        ],
                        [
                            8.29359546170,
                            52.74793362614
                        ],
                        [
                            8.29356160201,
                            52.74776510283
                        ]
                    ]
                ]
            }
        },
        {
            "type": "Feature",
            "properties": {
                "building": "food-stall",
                "item_fries": "yes",
                "item_currywurst": "yes",
                "item_sausauge": "yes"
            },
            "geometry": {
                "type": "Polygon",
                "coordinates": [
                    [
                        [
                            8.29491846594,
                            52.74734649046
                        ],
                        [
                            8.29498761344,
                            52.74730102495
                        ],
                        [
                            8.29496042634,
                            52.74728587386
                        ],
                        [
                            8.29489127884,
                            52.74733133939
                        ],
                        [
                            8.29491846594,
                            52.74734649046
                        ]
                    ]
                ]
            }
        },
        {
            "type": "Feature",
            "properties": {
                "operator": "Osthold, U. jr.",
                "game_claw_crane": "yes",
                "building": "game-stall"
            },
            "geometry": {
                "type": "Polygon",
                "coordinates": [
                    [
                        [
                            8.29597122791,
                            52.74838004301
                        ],
                        [
                            8.29604092572,
                            52.74838538342
                        ],
                        [
                            8.29605239459,
                            52.74833053924
                        ],
                        [
                            8.29598269678,
                            52.74832519883
                        ],
                        [
                            8.29597122791,
                            52.74838004301
                        ]
                    ]
                ]
            }
        },
        {
            "type": "Feature",
            "properties": {
                "building": "restroom"
            },
            "geometry": {
                "type": "Polygon",
                "coordinates": [
                    [
                        [
                            8.29672155414,
                            52.74755746646
                        ],
                        [
                            8.29655453374,
                            52.74754261380
                        ],
                        [
                            8.29654604883,
                            52.74757757563
                        ],
                        [
                            8.29678567105,
                            52.74759888455
                        ],
                        [
                            8.29679442697,
                            52.74756280607
                        ],
                        [
                            8.29676733674,
                            52.74756039701
                        ],
                        [
                            8.29677877181,
                            52.74751327912
                        ],
                        [
                            8.29687097097,
                            52.74752147815
                        ],
                        [
                            8.29687760955,
                            52.74749412406
                        ],
                        [
                            8.29678560838,
                            52.74748594264
                        ],
                        [
                            8.29678074545,
                            52.74750598024
                        ],
                        [
                            8.29673503586,
                            52.74750191540
                        ],
                        [
                            8.29672155414,
                            52.74755746646
                        ]
                    ]
                ]
            }
        },
        {
            "type": "Feature",
            "properties": {
                "building": "food-stall",
                "item_tornado_potato": "yes"
            },
            "geometry": {
                "type": "Polygon",
                "coordinates": [
                    [
                        [
                            8.29707150675,
                            52.74710182278
                        ],
                        [
                            8.29703026493,
                            52.74709851614
                        ],
                        [
                            8.29702193963,
                            52.74713656502
                        ],
                        [
                            8.29706318145,
                            52.74713987166
                        ],
                        [
                            8.29707150675,
                            52.74710182278
                        ]
                    ]
                ]
            }
        },
        {
            "type": "Feature",
            "properties": {
                "item_longdrinks": "no",
                "slug": "zum-alten-pferdestall",
                "building": "bar",
                "item_shots": "yes",
                "isTent": "yes",
                "item_softdrinks": "yes",
                "item_beer": "yes",
                "name": "Zum alten Pferdestall"
            },
            "geometry": {
                "type": "Polygon",
                "coordinates": [
                    [
                        [
                            8.29744577274,
                            52.74663959614
                        ],
                        [
                            8.29748084245,
                            52.74672844387
                        ],
                        [
                            8.29763238726,
                            52.74670652463
                        ],
                        [
                            8.29759731755,
                            52.74661767686
                        ],
                        [
                            8.29744577274,
                            52.74663959614
                        ]
                    ]
                ]
            }
        },
        {
            "type": "Feature",
            "properties": {
                "item_hotdog": "yes",
                "building": "food-stall"
            },
            "geometry": {
                "type": "Polygon",
                "coordinates": [
                    [
                        [
                            8.29420576215,
                            52.74786598607
                        ],
                        [
                            8.29409114417,
                            52.74787307034
                        ],
                        [
                            8.29409575888,
                            52.74790042791
                        ],
                        [
                            8.29421037686,
                            52.74789334365
                        ],
                        [
                            8.29420576215,
                            52.74786598607
                        ]
                    ]
                ]
            }
        },
        {
            "type": "Feature",
            "properties": {
                "operator": "Deutsches Rotes Kreuz Kreisverband Vechta e.V.",
                "name": "Alkoholfreies Zelt",
                "building": "bar",
                "isTent": "yes",
                "item_softdrinks": "yes"
            },
            "geometry": {
                "type": "Polygon",
                "coordinates": [
                    [
                        [
                            8.29518926583,
                            52.74716712539
                        ],
                        [
                            8.29529583408,
                            52.74709561047
                        ],
                        [
                            8.29527041045,
                            52.74708172825
                        ],
                        [
                            8.29496726348,
                            52.74691619864
                        ],
                        [
                            8.29486069523,
                            52.74698771383
                        ],
                        [
                            8.29518926583,
                            52.74716712539
                        ]
                    ]
                ]
            }
        },
        {
            "type": "Feature",
            "properties": {
                "building": "seller-stall",
                "products": "seller_type_cloth;seller_type_leather"
            },
            "geometry": {
                "type": "Polygon",
                "coordinates": [
                    [
                        [
                            8.29025549346,
                            52.74817382777
                        ],
                        [
                            8.29008077266,
                            52.74818130589
                        ],
                        [
                            8.29008432457,
                            52.74821171353
                        ],
                        [
                            8.29025904536,
                            52.74820423542
                        ],
                        [
                            8.29025549346,
                            52.74817382777
                        ]
                    ]
                ]
            }
        },
        {
            "type": "Feature",
            "properties": {
                "name": "The Rally Masters",
                "type": "junior_bumper_cars",
                "building": "ride",
                "forKids": "yes"
            },
            "geometry": {
                "type": "Polygon",
                "coordinates": [
                    [
                        [
                            8.29533096605,
                            52.74716909183
                        ],
                        [
                            8.29515259915,
                            52.74728842852
                        ],
                        [
                            8.29527624330,
                            52.74735614602
                        ],
                        [
                            8.29545461020,
                            52.74723680952
                        ],
                        [
                            8.29536950612,
                            52.74719019955
                        ],
                        [
                            8.29533096605,
                            52.74716909183
                        ]
                    ]
                ]
            }
        },
        {
            "type": "Feature",
            "properties": {
                "item_churros": "yes",
                "building": "candy-stall",
                "name": "Casa de Churros"
            },
            "geometry": {
                "type": "Polygon",
                "coordinates": [
                    [
                        [
                            8.29771331672,
                            52.74767941174
                        ],
                        [
                            8.29763432536,
                            52.74769584066
                        ],
                        [
                            8.29764983944,
                            52.74772317291
                        ],
                        [
                            8.29772883081,
                            52.74770674400
                        ],
                        [
                            8.29771331672,
                            52.74767941174
                        ]
                    ]
                ]
            }
        },
        {
            "type": "Feature",
            "properties": {
                "priority": "93",
                "name": "pommes fritz",
                "building": "food-stall",
                "item_fries": "yes",
                "vegan_options": "yes"
            },
            "geometry": {
                "type": "Polygon",
                "coordinates": [
                    [
                        [
                            8.29587276743,
                            52.74703291506
                        ],
                        [
                            8.29589031079,
                            52.74695423330
                        ],
                        [
                            8.29585225311,
                            52.74695112392
                        ],
                        [
                            8.29583470975,
                            52.74702980568
                        ],
                        [
                            8.29587276743,
                            52.74703291506
                        ]
                    ]
                ]
            }
        },
        {
            "type": "Feature",
            "properties": {
                "item_ice_cream": "yes",
                "building": "candy-stall"
            },
            "geometry": {
                "type": "Polygon",
                "coordinates": [
                    [
                        [
                            8.29705933237,
                            52.74714867216
                        ],
                        [
                            8.29699861571,
                            52.74714380411
                        ],
                        [
                            8.29698280769,
                            52.74721605097
                        ],
                        [
                            8.29704352435,
                            52.74722091902
                        ],
                        [
                            8.29705933237,
                            52.74714867216
                        ]
                    ]
                ]
            }
        },
        {
            "type": "Feature",
            "properties": {
                "building": "yes"
            },
            "geometry": {
                "type": "Polygon",
                "coordinates": [
                    [
                        [
                            8.29523295030,
                            52.74612489599
                        ],
                        [
                            8.29536303744,
                            52.74611271846
                        ],
                        [
                            8.29534782963,
                            52.74605318617
                        ],
                        [
                            8.29521774249,
                            52.74606536371
                        ],
                        [
                            8.29523295030,
                            52.74612489599
                        ]
                    ]
                ]
            }
        },
        {
            "type": "Feature",
            "properties": {
                "building": "restroom",
                "accessible": "yes"
            },
            "geometry": {
                "type": "Polygon",
                "coordinates": [
                    [
                        [
                            8.29750540062,
                            52.74742526870
                        ],
                        [
                            8.29747377946,
                            52.74742302267
                        ],
                        [
                            8.29746973647,
                            52.74744387953
                        ],
                        [
                            8.29750135763,
                            52.74744612556
                        ],
                        [
                            8.29750540062,
                            52.74742526870
                        ]
                    ]
                ]
            }
        },
        {
            "type": "Feature",
            "properties": {
                "building": "restroom",
                "accessible": "yes"
            },
            "geometry": {
                "type": "Polygon",
                "coordinates": [
                    [
                        [
                            8.29544484548,
                            52.74682996831
                        ],
                        [
                            8.29541026865,
                            52.74683461957
                        ],
                        [
                            8.29541863083,
                            52.74685739832
                        ],
                        [
                            8.29545320766,
                            52.74685274706
                        ],
                        [
                            8.29544484548,
                            52.74682996831
                        ]
                    ]
                ]
            }
        },
        {
            "type": "Feature",
            "properties": {
                "building": "seller-stall",
                "products": "seller_type_sausages"
            },
            "geometry": {
                "type": "Polygon",
                "coordinates": [
                    [
                        [
                            8.29813595072,
                            52.74646292877
                        ],
                        [
                            8.29828388616,
                            52.74643996680
                        ],
                        [
                            8.29827103930,
                            52.74640963742
                        ],
                        [
                            8.29812310387,
                            52.74643259941
                        ],
                        [
                            8.29813595072,
                            52.74646292877
                        ]
                    ]
                ]
            }
        },
        {
            "type": "Feature",
            "properties": {
                "building": "seller-stall",
                "name": "Haake Beck",
                "operator": "Haake Beck"
            },
            "geometry": {
                "type": "Polygon",
                "coordinates": [
                    [
                        [
                            8.29578405279,
                            52.74675871371
                        ],
                        [
                            8.29570316286,
                            52.74671070797
                        ],
                        [
                            8.29566675243,
                            52.74673318946
                        ],
                        [
                            8.29574764236,
                            52.74678119517
                        ],
                        [
                            8.29578405279,
                            52.74675871371
                        ]
                    ]
                ]
            }
        },
        {
            "type": "Feature",
            "properties": {
                "building": "restroom",
                "men": "yes"
            },
            "geometry": {
                "type": "Polygon",
                "coordinates": [
                    [
                        [
                            8.29655863278,
                            52.74856236107
                        ],
                        [
                            8.29665988617,
                            52.74857047896
                        ],
                        [
                            8.29667681283,
                            52.74849312200
                        ],
                        [
                            8.29657555944,
                            52.74848500409
                        ],
                        [
                            8.29655863278,
                            52.74856236107
                        ]
                    ]
                ]
            }
        },
        {
            "type": "Feature",
            "properties": {
                "slug": "nordwestbahn-fahrkarten",
                "building": "transit_tickets",
                "name": "NordWestBahn"
            },
            "geometry": {
                "type": "Polygon",
                "coordinates": [
                    [
                        [
                            8.29206412742,
                            52.74822712390
                        ],
                        [
                            8.29210770917,
                            52.74822409368
                        ],
                        [
                            8.29209765503,
                            52.74817110998
                        ],
                        [
                            8.29205407327,
                            52.74817414021
                        ],
                        [
                            8.29206412742,
                            52.74822712390
                        ]
                    ]
                ]
            }
        },
        {
            "type": "Feature",
            "properties": {
                "item_ice_cream": "yes",
                "building": "candy-stall"
            },
            "geometry": {
                "type": "Polygon",
                "coordinates": [
                    [
                        [
                            8.29695282595,
                            52.74745907174
                        ],
                        [
                            8.29698907823,
                            52.74746262159
                        ],
                        [
                            8.29699864381,
                            52.74742682681
                        ],
                        [
                            8.29696239154,
                            52.74742327695
                        ],
                        [
                            8.29695282595,
                            52.74745907174
                        ]
                    ]
                ]
            }
        },
        {
            "type": "Feature",
            "properties": {
                "building": "candy-stall",
                "item_crepe": "yes"
            },
            "geometry": {
                "type": "Polygon",
                "coordinates": [
                    [
                        [
                            8.29692106618,
                            52.74727921850
                        ],
                        [
                            8.29699774304,
                            52.74728536617
                        ],
                        [
                            8.29700255636,
                            52.74726336807
                        ],
                        [
                            8.29692587950,
                            52.74725722039
                        ],
                        [
                            8.29692106618,
                            52.74727921850
                        ]
                    ]
                ]
            }
        },
        {
            "type": "Feature",
            "properties": {
                "slug": "beckmanns-altdeutscher-biergarten",
                "building": "bar",
                "item_shots": "yes",
                "isTent": "yes",
                "item_softdrinks": "yes",
                "item_beer": "yes",
                "name": "Beckmann's Altdeutscher Biergarten"
            },
            "geometry": {
                "type": "Polygon",
                "coordinates": [
                    [
                        [
                            8.29383052835,
                            52.74817373420
                        ],
                        [
                            8.29327802860,
                            52.74814392580
                        ],
                        [
                            8.29323811624,
                            52.74841498806
                        ],
                        [
                            8.29379061599,
                            52.74844479628
                        ],
                        [
                            8.29381820528,
                            52.74825742568
                        ],
                        [
                            8.29382812753,
                            52.74819003930
                        ],
                        [
                            8.29383052835,
                            52.74817373420
                        ]
                    ]
                ]
            }
        },
        {
            "type": "Feature",
            "properties": {
                "paymentOptions": "paymentoption_cash;paymentoption_contactless",
                "website": "https://www.pirates-adventure.de/",
                "slug": "pirates-adventure",
                "name": "Pirates Adventure",
                "operator": "Schneider, M.",
                "type": "fun_house",
                "building": "ride"
            },
            "geometry": {
                "type": "Polygon",
                "coordinates": [
                    [
                        [
                            8.29683562100,
                            52.74652514136
                        ],
                        [
                            8.29644085752,
                            52.74657028624
                        ],
                        [
                            8.29647145031,
                            52.74666831383
                        ],
                        [
                            8.29686621379,
                            52.74662316905
                        ],
                        [
                            8.29683562100,
                            52.74652514136
                        ]
                    ]
                ]
            }
        },
        {
            "type": "Feature",
            "properties": {
                "building": "restroom"
            },
            "geometry": {
                "type": "Polygon",
                "coordinates": [
                    [
                        [
                            8.29439959507,
                            52.74827137862
                        ],
                        [
                            8.29435816532,
                            52.74827172305
                        ],
                        [
                            8.29435977956,
                            52.74834286819
                        ],
                        [
                            8.29440120931,
                            52.74834252376
                        ],
                        [
                            8.29439959507,
                            52.74827137862
                        ]
                    ]
                ]
            }
        },
        {
            "type": "Feature",
            "properties": {
                "building": "food-stall",
                "item_fries": "yes",
                "item_shots": "yes",
                "item_longdrinks": "yes",
                "isTent": "no",
                "item_softdrinks": "yes",
                "item_currywurst": "yes",
                "isBar": "yes",
                "item_sausauge": "yes",
                "item_beer": "yes"
            },
            "geometry": {
                "type": "Polygon",
                "coordinates": [
                    [
                        [
                            8.29643273453,
                            52.74746313716
                        ],
                        [
                            8.29646650403,
                            52.74733109245
                        ],
                        [
                            8.29621650422,
                            52.74730766481
                        ],
                        [
                            8.29618909580,
                            52.74741483664
                        ],
                        [
                            8.29635519719,
                            52.74743040207
                        ],
                        [
                            8.29634883610,
                            52.74745527501
                        ],
                        [
                            8.29643273453,
                            52.74746313716
                        ]
                    ]
                ]
            }
        },
        {
            "type": "Feature",
            "properties": {
                "public_transport": "station",
                "amenity": "station",
                "building": "station",
                "name": "Bushaltestelle Oldenburger Str.",
                "slug": "bushaltestelle_oldenburgerstr",
                "priority": "20"
            },
            "geometry": {
                "type": "Point",
                "coordinates": [
                    8.28281700075,
                    52.74681414063
                ]
            }
        },
        {
            "type": "Feature",
            "properties": {
                "building": "seller-stall"
            },
            "geometry": {
                "type": "Polygon",
                "coordinates": [
                    [
                        [
                            8.29789943788,
                            52.74743461768
                        ],
                        [
                            8.29796731679,
                            52.74743796568
                        ],
                        [
                            8.29797470068,
                            52.74738311039
                        ],
                        [
                            8.29793065002,
                            52.74738093767
                        ],
                        [
                            8.29790682177,
                            52.74737976239
                        ],
                        [
                            8.29789943788,
                            52.74743461768
                        ]
                    ]
                ]
            }
        },
        {
            "type": "Feature",
            "properties": {
                "building": "food-stall",
                "item_salmon": "yes"
            },
            "geometry": {
                "type": "Polygon",
                "coordinates": [
                    [
                        [
                            8.29634264652,
                            52.74665022577
                        ],
                        [
                            8.29635096240,
                            52.74667922224
                        ],
                        [
                            8.29646381330,
                            52.74666736271
                        ],
                        [
                            8.29645360081,
                            52.74663607005
                        ],
                        [
                            8.29634264652,
                            52.74665022577
                        ]
                    ]
                ]
            }
        },
        {
            "type": "Feature",
            "properties": {
                "building": "exhibition"
            },
            "geometry": {
                "type": "Polygon",
                "coordinates": [
                    [
                        [
                            8.29678700413,
                            52.74869336593
                        ],
                        [
                            8.29676768858,
                            52.74872845592
                        ],
                        [
                            8.29685862594,
                            52.74874679697
                        ],
                        [
                            8.29687794149,
                            52.74871170700
                        ],
                        [
                            8.29678700413,
                            52.74869336593
                        ]
                    ]
                ]
            }
        },
        {
            "type": "Feature",
            "properties": {
                "game_shooting": "yes",
                "operator": "Schmidt, L.",
                "building": "game-stall"
            },
            "geometry": {
                "type": "Polygon",
                "coordinates": [
                    [
                        [
                            8.29542897080,
                            52.74694638539
                        ],
                        [
                            8.29547370556,
                            52.74697151077
                        ],
                        [
                            8.29569506925,
                            52.74682708893
                        ],
                        [
                            8.29564821972,
                            52.74680004324
                        ],
                        [
                            8.29542897080,
                            52.74694638539
                        ]
                    ]
                ]
            }
        },
        {
            "type": "Feature",
            "properties": {
                "building": "candy-stall",
                "item_gingerbread": "yes"
            },
            "geometry": {
                "type": "Polygon",
                "coordinates": [
                    [
                        [
                            8.29857230119,
                            52.74629619236
                        ],
                        [
                            8.29842545025,
                            52.74635870334
                        ],
                        [
                            8.29844757652,
                            52.74637775068
                        ],
                        [
                            8.29859442746,
                            52.74631523972
                        ],
                        [
                            8.29857230119,
                            52.74629619236
                        ]
                    ]
                ]
            }
        },
        {
            "type": "Feature",
            "properties": {
                "building": "entrance",
                "entity": "entry",
                "slug": "eingang-west",
                "name": "Eingang West",
                "priority": "50"
            },
            "geometry": {
                "type": "Polygon",
                "coordinates": [
                    [
                        [
                            8.28938083917,
                            52.74833122663
                        ],
                        [
                            8.28942207483,
                            52.74832996521
                        ],
                        [
                            8.28941451332,
                            52.74823939443
                        ],
                        [
                            8.28937327765,
                            52.74824065585
                        ],
                        [
                            8.28938083917,
                            52.74833122663
                        ]
                    ]
                ]
            }
        },
        {
            "type": "Feature",
            "properties": {
                "game_darts": "yes",
                "building": "game-stall"
            },
            "geometry": {
                "type": "Polygon",
                "coordinates": [
                    [
                        [
                            8.29477488641,
                            52.74805897552
                        ],
                        [
                            8.29473392181,
                            52.74805917549
                        ],
                        [
                            8.29473532360,
                            52.74810472669
                        ],
                        [
                            8.29477628820,
                            52.74810452672
                        ],
                        [
                            8.29477488641,
                            52.74805897552
                        ]
                    ]
                ]
            }
        },
        {
            "type": "Feature",
            "properties": {
                "slug": "taxi-sued",
                "building": "taxi",
                "amenity": "taxi"
            },
            "geometry": {
                "type": "Point",
                "coordinates": [
                    8.29867958486,
                    52.74426494544
                ]
            }
        },
        {
            "type": "Feature",
            "properties": {
                "building": "food-stall",
                "item_meat": "yes"
            },
            "geometry": {
                "type": "Polygon",
                "coordinates": [
                    [
                        [
                            8.29279701821,
                            52.74808255049
                        ],
                        [
                            8.29271010115,
                            52.74808722328
                        ],
                        [
                            8.29271555565,
                            52.74812439857
                        ],
                        [
                            8.29280247271,
                            52.74811972578
                        ],
                        [
                            8.29279701821,
                            52.74808255049
                        ]
                    ]
                ]
            }
        },
        {
            "type": "Feature",
            "properties": {
                "building": "seller-stall",
                "products": "seller_type_leather"
            },
            "geometry": {
                "type": "Polygon",
                "coordinates": [
                    [
                        [
                            8.29093210294,
                            52.74820784983
                        ],
                        [
                            8.29083177433,
                            52.74821214392
                        ],
                        [
                            8.29083411646,
                            52.74823219474
                        ],
                        [
                            8.29093444507,
                            52.74822790064
                        ],
                        [
                            8.29093210294,
                            52.74820784983
                        ]
                    ]
                ]
            }
        },
        {
            "type": "Feature",
            "properties": {
                "building": "seller-stall"
            },
            "geometry": {
                "type": "Polygon",
                "coordinates": [
                    [
                        [
                            8.29796739205,
                            52.74697128914
                        ],
                        [
                            8.29795383463,
                            52.74704970956
                        ],
                        [
                            8.29797705935,
                            52.74705118082
                        ],
                        [
                            8.29801983150,
                            52.74705389040
                        ],
                        [
                            8.29803338892,
                            52.74697546999
                        ],
                        [
                            8.29796739205,
                            52.74697128914
                        ]
                    ]
                ]
            }
        },
        {
            "type": "Feature",
            "properties": {
                "slug": "zur-neuen-meyerei",
                "name": "Zur neuen Meyerei",
                "building": "bar",
                "item_shots": "yes",
                "isTent": "yes",
                "item_softdrinks": "yes",
                "operator": "Meyer, J.",
                "item_beer": "yes"
            },
            "geometry": {
                "type": "Polygon",
                "coordinates": [
                    [
                        [
                            8.29744487686,
                            52.74796942260
                        ],
                        [
                            8.29772516770,
                            52.74797916421
                        ],
                        [
                            8.29774380622,
                            52.74779683458
                        ],
                        [
                            8.29745815096,
                            52.74785528440
                        ],
                        [
                            8.29744487686,
                            52.74796942260
                        ]
                    ]
                ]
            }
        },
        {
            "type": "Feature",
            "properties": {
                "building": "food-stall",
                "item_pizza": "yes"
            },
            "geometry": {
                "type": "Polygon",
                "coordinates": [
                    [
                        [
                            8.29587928695,
                            52.74822882604
                        ],
                        [
                            8.29582465689,
                            52.74822450688
                        ],
                        [
                            8.29581145826,
                            52.74828567550
                        ],
                        [
                            8.29586608832,
                            52.74828999466
                        ],
                        [
                            8.29587928695,
                            52.74822882604
                        ]
                    ]
                ]
            }
        },
        {
            "type": "Feature",
            "properties": {
                "slug": "zauberbar",
                "building": "bar",
                "item_shots": "yes",
                "isTent": "yes",
                "item_softdrinks": "yes",
                "name": "Zauberbar",
                "item_beer": "yes"
            },
            "geometry": {
                "type": "Polygon",
                "coordinates": [
                    [
                        [
                            8.29643094951,
                            52.74686000118
                        ],
                        [
                            8.29643694367,
                            52.74683297597
                        ],
                        [
                            8.29639940357,
                            52.74682992491
                        ],
                        [
                            8.29640854489,
                            52.74678871038
                        ],
                        [
                            8.29633612586,
                            52.74678282455
                        ],
                        [
                            8.29632701717,
                            52.74682389194
                        ],
                        [
                            8.29632102512,
                            52.74685090767
                        ],
                        [
                            8.29629638807,
                            52.74696198591
                        ],
                        [
                            8.29644180066,
                            52.74697380422
                        ],
                        [
                            8.29641259922,
                            52.74710546101
                        ],
                        [
                            8.29651798093,
                            52.74711402581
                        ],
                        [
                            8.29654543091,
                            52.74699026564
                        ],
                        [
                            8.29656687222,
                            52.74689359575
                        ],
                        [
                            8.29653674402,
                            52.74689114709
                        ],
                        [
                            8.29654165647,
                            52.74686899884
                        ],
                        [
                            8.29643094951,
                            52.74686000118
                        ]
                    ]
                ]
            }
        },
        {
            "type": "Feature",
            "properties": {
                "operator": "v.d. Gathen, R.",
                "game_claw_crane": "yes",
                "building": "game-stall"
            },
            "geometry": {
                "type": "Polygon",
                "coordinates": [
                    [
                        [
                            8.29543753082,
                            52.74822619412
                        ],
                        [
                            8.29535080167,
                            52.74821999348
                        ],
                        [
                            8.29532471371,
                            52.74835369490
                        ],
                        [
                            8.29541144286,
                            52.74835989552
                        ],
                        [
                            8.29543753082,
                            52.74822619412
                        ]
                    ]
                ]
            }
        },
        {
            "type": "Feature",
            "properties": {
                "building": "seller-stall"
            },
            "geometry": {
                "type": "Polygon",
                "coordinates": [
                    [
                        [
                            8.29793769986,
                            52.74732856406
                        ],
                        [
                            8.29793065002,
                            52.74738093767
                        ],
                        [
                            8.29797470068,
                            52.74738311039
                        ],
                        [
                            8.29798175051,
                            52.74733073678
                        ],
                        [
                            8.29798149979,
                            52.74733072441
                        ],
                        [
                            8.29794562828,
                            52.74732895511
                        ],
                        [
                            8.29793769986,
                            52.74732856406
                        ]
                    ]
                ]
            }
        },
        {
            "type": "Feature",
            "properties": {
                "building": "bar",
                "item_shots": "yes",
                "item_softdrinks": "yes",
                "isTent": "yes",
                "name": "Heitmann's Biergarten",
                "item_beer": "yes"
            },
            "geometry": {
                "type": "Polygon",
                "coordinates": [
                    [
                        [
                            8.29356440811,
                            52.74802271158
                        ],
                        [
                            8.29358981673,
                            52.74815661119
                        ],
                        [
                            8.29381244008,
                            52.74814199884
                        ],
                        [
                            8.29378703146,
                            52.74800809919
                        ],
                        [
                            8.29356440811,
                            52.74802271158
                        ]
                    ]
                ]
            }
        },
        {
            "type": "Feature",
            "properties": {
                "priority": "93",
                "building": "food-stall",
                "item_fries": "yes",
                "name": "Kartoffel Kult",
                "vegan_options": "yes"
            },
            "geometry": {
                "type": "Polygon",
                "coordinates": [
                    [
                        [
                            8.29365226683,
                            52.74851102402
                        ],
                        [
                            8.29365074118,
                            52.74854588608
                        ],
                        [
                            8.29373588479,
                            52.74854725134
                        ],
                        [
                            8.29373741044,
                            52.74851238928
                        ],
                        [
                            8.29365226683,
                            52.74851102402
                        ]
                    ]
                ]
            }
        },
        {
            "type": "Feature",
            "properties": {
                "item_ice_cream": "yes",
                "building": "candy-stall"
            },
            "geometry": {
                "type": "Polygon",
                "coordinates": [
                    [
                        [
                            8.29542578608,
                            52.74700831565
                        ],
                        [
                            8.29539653527,
                            52.74699229543
                        ],
                        [
                            8.29533569719,
                            52.74703299946
                        ],
                        [
                            8.29533574533,
                            52.74703302582
                        ],
                        [
                            8.29536494799,
                            52.74704901966
                        ],
                        [
                            8.29542578608,
                            52.74700831565
                        ]
                    ]
                ]
            }
        },
        {
            "type": "Feature",
            "properties": {
                "building": "yes"
            },
            "geometry": {
                "type": "Polygon",
                "coordinates": [
                    [
                        [
                            8.29887941345,
                            52.74624504735
                        ],
                        [
                            8.29909264907,
                            52.74624261186
                        ],
                        [
                            8.29908789602,
                            52.74609011795
                        ],
                        [
                            8.29887466041,
                            52.74609255346
                        ],
                        [
                            8.29887941345,
                            52.74624504735
                        ]
                    ]
                ]
            }
        },
        {
            "type": "Feature",
            "properties": {
                "name": "Bierkarusell",
                "building": "bar",
                "item_shots": "yes",
                "isTent": "yes",
                "item_softdrinks": "yes",
                "item_beer": "yes"
            },
            "geometry": {
                "type": "Polygon",
                "coordinates": [
                    [
                        [
                            8.29288951780,
                            52.74857378636
                        ],
                        [
                            8.29305144843,
                            52.74858259193
                        ],
                        [
                            8.29306598003,
                            52.74848467760
                        ],
                        [
                            8.29290404940,
                            52.74847587201
                        ],
                        [
                            8.29288951780,
                            52.74857378636
                        ]
                    ]
                ]
            }
        },
        {
            "type": "Feature",
            "properties": {
                "slug": "schickeria-lounge",
                "building": "bar",
                "name": "Schickeria Lounge",
                "item_shots": "yes",
                "isTent": "yes",
                "item_softdrinks": "yes",
                "item_beer": "yes"
            },
            "geometry": {
                "type": "Polygon",
                "coordinates": [
                    [
                        [
                            8.29638898239,
                            52.74821613197
                        ],
                        [
                            8.29661123391,
                            52.74823587994
                        ],
                        [
                            8.29661368302,
                            52.74822578044
                        ],
                        [
                            8.29662783251,
                            52.74816743172
                        ],
                        [
                            8.29665414925,
                            52.74805890819
                        ],
                        [
                            8.29643189773,
                            52.74803916015
                        ],
                        [
                            8.29638898239,
                            52.74821613197
                        ]
                    ]
                ]
            }
        },
        {
            "type": "Feature",
            "properties": {
                "building": "seller-stall",
                "products": "seller_type_balloons"
            },
            "geometry": {
                "type": "Polygon",
                "coordinates": [
                    [
                        [
                            8.29838088667,
                            52.74652917273
                        ],
                        [
                            8.29836967883,
                            52.74650571748
                        ],
                        [
                            8.29828854201,
                            52.74651992445
                        ],
                        [
                            8.29829974985,
                            52.74654337971
                        ],
                        [
                            8.29838088667,
                            52.74652917273
                        ]
                    ]
                ]
            }
        },
        {
            "type": "Feature",
            "properties": {
                "public_transport": "station",
                "amenity": "station",
                "building": "station",
                "name": "Busbahnhof Ost",
                "slug": "busbahnhof_ost",
                "priority": "20"
            },
            "geometry": {
                "type": "Point",
                "coordinates": [
                    8.29933404386,
                    52.74370312824
                ]
            }
        },
        {
            "type": "Feature",
            "properties": {
                "operator": "Schmedes",
                "item_fried_potatoes": "yes",
                "name": "Schmedes",
                "building": "restaurant",
                "item_punchbowle": "no",
                "item_sausauge": "no",
                "item_shots": "yes",
                "item_longdrinks": "yes",
                "item_cocktails": "yes",
                "isTent": "no",
                "item_softdrinks": "yes",
                "isBar": "yes",
                "item_beer": "yes"
            },
            "geometry": {
                "type": "Polygon",
                "coordinates": [
                    [
                        [
                            8.29363936599,
                            52.74746918016
                        ],
                        [
                            8.29385926389,
                            52.74744370638
                        ],
                        [
                            8.29385365185,
                            52.74742595501
                        ],
                        [
                            8.29382571968,
                            52.74733760299
                        ],
                        [
                            8.29360582178,
                            52.74736307684
                        ],
                        [
                            8.29363936599,
                            52.74746918016
                        ]
                    ]
                ]
            }
        },
        {
            "type": "Feature",
            "properties": {
                "building": "yes"
            },
            "geometry": {
                "type": "Polygon",
                "coordinates": [
                    [
                        [
                            8.29503983125,
                            52.74678491259
                        ],
                        [
                            8.29528525338,
                            52.74675325151
                        ],
                        [
                            8.29523513744,
                            52.74661090010
                        ],
                        [
                            8.29498971531,
                            52.74664256129
                        ],
                        [
                            8.29503983125,
                            52.74678491259
                        ]
                    ]
                ]
            }
        },
        {
            "type": "Feature",
            "properties": {
                "building": "seller-stall"
            },
            "geometry": {
                "type": "Polygon",
                "coordinates": [
                    [
                        [
                            8.29425208566,
                            52.74748873903
                        ],
                        [
                            8.29424400626,
                            52.74751735865
                        ],
                        [
                            8.29433309692,
                            52.74752657438
                        ],
                        [
                            8.29434117633,
                            52.74749795477
                        ],
                        [
                            8.29425208566,
                            52.74748873903
                        ]
                    ]
                ]
            }
        },
        {
            "type": "Feature",
            "properties": {
                "building": "restroom"
            },
            "geometry": {
                "type": "Polygon",
                "coordinates": [
                    [
                        [
                            8.29836040668,
                            52.74632298279
                        ],
                        [
                            8.29847909443,
                            52.74631324082
                        ],
                        [
                            8.29847415221,
                            52.74629117664
                        ],
                        [
                            8.29835546446,
                            52.74630091862
                        ],
                        [
                            8.29836040668,
                            52.74632298279
                        ]
                    ]
                ]
            }
        },
        {
            "type": "Feature",
            "properties": {
                "building": "candy-stall",
                "item_roasted_almonds": "yes"
            },
            "geometry": {
                "type": "Polygon",
                "coordinates": [
                    [
                        [
                            8.29036881580,
                            52.74819334468
                        ],
                        [
                            8.29036301338,
                            52.74816612424
                        ],
                        [
                            8.29026012239,
                            52.74817416061
                        ],
                        [
                            8.29026592480,
                            52.74820138105
                        ],
                        [
                            8.29036881580,
                            52.74819334468
                        ]
                    ]
                ]
            }
        },
        {
            "type": "Feature",
            "properties": {
                "type": "merry_go_round",
                "building": "ride",
                "forKids": "yes"
            },
            "geometry": {
                "type": "Polygon",
                "coordinates": [
                    [
                        [
                            8.29628638856,
                            52.74803672434
                        ],
                        [
                            8.29629588883,
                            52.74805211878
                        ],
                        [
                            8.29629341380,
                            52.74806848382
                        ],
                        [
                            8.29627945370,
                            52.74808257817
                        ],
                        [
                            8.29625677349,
                            52.74809161027
                        ],
                        [
                            8.29622986526,
                            52.74809379122
                        ],
                        [
                            8.29620405853,
                            52.74808868903
                        ],
                        [
                            8.29618446462,
                            52.74807731428
                        ],
                        [
                            8.29617496435,
                            52.74806191985
                        ],
                        [
                            8.29617743938,
                            52.74804555481
                        ],
                        [
                            8.29619139948,
                            52.74803146044
                        ],
                        [
                            8.29621407969,
                            52.74802242833
                        ],
                        [
                            8.29624098792,
                            52.74802024738
                        ],
                        [
                            8.29626679465,
                            52.74802534957
                        ],
                        [
                            8.29628638856,
                            52.74803672434
                        ]
                    ]
                ]
            }
        },
        {
            "type": "Feature",
            "properties": {
                "game_shooting": "yes",
                "operator": "Wehe, C.",
                "building": "game-stall"
            },
            "geometry": {
                "type": "Polygon",
                "coordinates": [
                    [
                        [
                            8.29621669124,
                            52.74839095209
                        ],
                        [
                            8.29618062491,
                            52.74838818860
                        ],
                        [
                            8.29615453695,
                            52.74851294104
                        ],
                        [
                            8.29619060328,
                            52.74851570452
                        ],
                        [
                            8.29621669124,
                            52.74839095209
                        ]
                    ]
                ]
            }
        },
        {
            "type": "Feature",
            "properties": {
                "building": "restroom"
            },
            "geometry": {
                "type": "Polygon",
                "coordinates": [
                    [
                        [
                            8.29393811359,
                            52.74832159205
                        ],
                        [
                            8.29382453670,
                            52.74831685067
                        ],
                        [
                            8.29381948290,
                            52.74836120835
                        ],
                        [
                            8.29393305980,
                            52.74836594973
                        ],
                        [
                            8.29393811359,
                            52.74832159205
                        ]
                    ]
                ]
            }
        },
        {
            "type": "Feature",
            "properties": {
                "building": "candy-stall",
                "item_roasted_almonds": "yes"
            },
            "geometry": {
                "type": "Polygon",
                "coordinates": [
                    [
                        [
                            8.29056660633,
                            52.74822808345
                        ],
                        [
                            8.29056849479,
                            52.74824425044
                        ],
                        [
                            8.29071870476,
                            52.74823782141
                        ],
                        [
                            8.29071681629,
                            52.74822165442
                        ],
                        [
                            8.29056660633,
                            52.74822808345
                        ]
                    ]
                ]
            }
        },
        {
            "type": "Feature",
            "properties": {
                "building": "restroom"
            },
            "geometry": {
                "type": "Polygon",
                "coordinates": [
                    [
                        [
                            8.29654321007,
                            52.74843490997
                        ],
                        [
                            8.29657320941,
                            52.74843605445
                        ],
                        [
                            8.29657092954,
                            52.74845795115
                        ],
                        [
                            8.29655728812,
                            52.74845743073
                        ],
                        [
                            8.29655528001,
                            52.74847671722
                        ],
                        [
                            8.29671487145,
                            52.74848280565
                        ],
                        [
                            8.29671687955,
                            52.74846351916
                        ],
                        [
                            8.29668007009,
                            52.74846211487
                        ],
                        [
                            8.29669352805,
                            52.74833285990
                        ],
                        [
                            8.29658438750,
                            52.74832869616
                        ],
                        [
                            8.29658235807,
                            52.74834818755
                        ],
                        [
                            8.29655235873,
                            52.74834704307
                        ],
                        [
                            8.29654321007,
                            52.74843490997
                        ]
                    ]
                ]
            }
        },
        {
            "type": "Feature",
            "properties": {
                "building": "food-stall",
                "item_vegetables": "yes"
            },
            "geometry": {
                "type": "Polygon",
                "coordinates": [
                    [
                        [
                            8.29440038215,
                            52.74750921845
                        ],
                        [
                            8.29434249293,
                            52.74750757586
                        ],
                        [
                            8.29434080133,
                            52.74752942057
                        ],
                        [
                            8.29438015018,
                            52.74753053708
                        ],
                        [
                            8.29439869055,
                            52.74753106316
                        ],
                        [
                            8.29440038215,
                            52.74750921845
                        ]
                    ]
                ]
            }
        },
        {
            "type": "Feature",
            "properties": {
                "building": "food-stall",
                "item_fries": "yes",
                "item_mushrooms": "no",
                "name": "Pommes King"
            },
            "geometry": {
                "type": "Polygon",
                "coordinates": [
                    [
                        [
                            8.29760897515,
                            52.74653618351
                        ],
                        [
                            8.29770475386,
                            52.74652355444
                        ],
                        [
                            8.29769298016,
                            52.74649083447
                        ],
                        [
                            8.29759720144,
                            52.74650346354
                        ],
                        [
                            8.29760897515,
                            52.74653618351
                        ]
                    ]
                ]
            }
        },
        {
            "type": "Feature",
            "properties": {
                "name": "Kaponierzelt",
                "slug": "kaponierzelt",
                "building": "bar",
                "alias": "Kapobier"
            },
            "geometry": {
                "type": "Polygon",
                "coordinates": [
                    [
                        [
                            8.29528918934,
                            52.74818950646
                        ],
                        [
                            8.29530805215,
                            52.74796853357
                        ],
                        [
                            8.29508666803,
                            52.74796160911
                        ],
                        [
                            8.29506386925,
                            52.74822869065
                        ],
                        [
                            8.29528525338,
                            52.74823561507
                        ],
                        [
                            8.29528684469,
                            52.74821697328
                        ],
                        [
                            8.29543387590,
                            52.74822007281
                        ],
                        [
                            8.29543545708,
                            52.74819258989
                        ],
                        [
                            8.29528918934,
                            52.74818950646
                        ]
                    ]
                ]
            }
        },
        {
            "type": "Feature",
            "properties": {
                "slug": "queens-bar",
                "building": "bar",
                "item_shots": "yes",
                "isTent": "yes",
                "item_softdrinks": "yes",
                "item_beer": "yes",
                "name": "Queensbar"
            },
            "geometry": {
                "type": "Polygon",
                "coordinates": [
                    [
                        [
                            8.29724939819,
                            52.74773710063
                        ],
                        [
                            8.29728973640,
                            52.74755846520
                        ],
                        [
                            8.29710332287,
                            52.74754304085
                        ],
                        [
                            8.29706298467,
                            52.74772167633
                        ],
                        [
                            8.29707010763,
                            52.74772226570
                        ],
                        [
                            8.29710804357,
                            52.74772540461
                        ],
                        [
                            8.29724939819,
                            52.74773710063
                        ]
                    ]
                ]
            }
        },
        {
            "type": "Feature",
            "properties": {
                "operator": "Fellerhoff",
                "type": "tunnel_of_horror",
                "building": "ride",
                "name": "Fahrt zur Hölle",
                "website": "https://www.fellerhoff-geisterbahn.de/fahrt-zur-hoelle.html"
            },
            "geometry": {
                "type": "Polygon",
                "coordinates": [
                    [
                        [
                            8.29738808486,
                            52.74726609196
                        ],
                        [
                            8.29716981427,
                            52.74724696172
                        ],
                        [
                            8.29710047503,
                            52.74753685621
                        ],
                        [
                            8.29731874561,
                            52.74755598632
                        ],
                        [
                            8.29738808486,
                            52.74726609196
                        ]
                    ]
                ]
            }
        },
        {
            "type": "Feature",
            "properties": {
                "building": "seller-stall"
            },
            "geometry": {
                "type": "Polygon",
                "coordinates": [
                    [
                        [
                            8.29319314721,
                            52.74758396826
                        ],
                        [
                            8.29318626350,
                            52.74755688338
                        ],
                        [
                            8.29307630982,
                            52.74756712308
                        ],
                        [
                            8.29308319354,
                            52.74759420795
                        ],
                        [
                            8.29319314721,
                            52.74758396826
                        ]
                    ]
                ]
            }
        },
        {
            "type": "Feature",
            "properties": {
                "slug": "euro-coaster",
                "type": "coaster",
                "building": "ride",
                "operator": "Fackler",
                "name": "Euro-Coaster"
            },
            "geometry": {
                "type": "Polygon",
                "coordinates": [
                    [
                        [
                            8.29765031525,
                            52.74676938435
                        ],
                        [
                            8.29728189645,
                            52.74673709405
                        ],
                        [
                            8.29718776279,
                            52.74713065354
                        ],
                        [
                            8.29755618159,
                            52.74716294354
                        ],
                        [
                            8.29765031525,
                            52.74676938435
                        ]
                    ]
                ]
            }
        },
        {
            "type": "Feature",
            "properties": {
                "building": "game-stall"
            },
            "geometry": {
                "type": "Polygon",
                "coordinates": [
                    [
                        [
                            8.29034063231,
                            52.74827299927
                        ],
                        [
                            8.29042338081,
                            52.74826945761
                        ],
                        [
                            8.29041960649,
                            52.74823714588
                        ],
                        [
                            8.29033685798,
                            52.74824068754
                        ],
                        [
                            8.29034063231,
                            52.74827299927
                        ]
                    ]
                ]
            }
        },
        {
            "type": "Feature",
            "properties": {
                "building": "food-stall",
                "item_fries": "yes",
                "item_sausauge": "yes"
            },
            "geometry": {
                "type": "Polygon",
                "coordinates": [
                    [
                        [
                            8.28905075791,
                            52.74832626858
                        ],
                        [
                            8.28900671945,
                            52.74832815343
                        ],
                        [
                            8.28900980833,
                            52.74835459712
                        ],
                        [
                            8.28905384680,
                            52.74835271227
                        ],
                        [
                            8.28905075791,
                            52.74832626858
                        ]
                    ]
                ]
            }
        },
        {
            "type": "Feature",
            "properties": {
                "building": "exhibition"
            },
            "geometry": {
                "type": "Polygon",
                "coordinates": [
                    [
                        [
                            8.29754598613,
                            52.74880609057
                        ],
                        [
                            8.29733944468,
                            52.74879616821
                        ],
                        [
                            8.29733380603,
                            52.74883917369
                        ],
                        [
                            8.29754034748,
                            52.74884909604
                        ],
                        [
                            8.29754598613,
                            52.74880609057
                        ]
                    ]
                ]
            }
        },
        {
            "type": "Feature",
            "properties": {
                "building": "candy-stall"
            },
            "geometry": {
                "type": "Polygon",
                "coordinates": [
                    [
                        [
                            8.29638343402,
                            52.74822290733
                        ],
                        [
                            8.29635593320,
                            52.74834000851
                        ],
                        [
                            8.29640359843,
                            52.74834411010
                        ],
                        [
                            8.29643109925,
                            52.74822700893
                        ],
                        [
                            8.29638343402,
                            52.74822290733
                        ]
                    ]
                ]
            }
        },
        {
            "type": "Feature",
            "properties": {
                "building": "seller-stall"
            },
            "geometry": {
                "type": "Polygon",
                "coordinates": [
                    [
                        [
                            8.29342770205,
                            52.74756245057
                        ],
                        [
                            8.29341820228,
                            52.74752774325
                        ],
                        [
                            8.29331563723,
                            52.74753802987
                        ],
                        [
                            8.29332513700,
                            52.74757273719
                        ],
                        [
                            8.29342770205,
                            52.74756245057
                        ]
                    ]
                ]
            }
        },
        {
            "type": "Feature",
            "properties": {
                "name": "Phil Thrill",
                "building": "food-stall",
                "item_cheesesteak": "yes"
            },
            "geometry": {
                "type": "Polygon",
                "coordinates": [
                    [
                        [
                            8.29299345345,
                            52.74809475724
                        ],
                        [
                            8.29308346916,
                            52.74808755476
                        ],
                        [
                            8.29307752043,
                            52.74806031322
                        ],
                        [
                            8.29298750472,
                            52.74806751571
                        ],
                        [
                            8.29299345345,
                            52.74809475724
                        ]
                    ]
                ]
            }
        },
        {
            "type": "Feature",
            "properties": {
                "building": "red_cross",
                "priority": "50",
                "alias": "Deutsches Rotes Kreuz;Erste Hilfe",
                "name": "DRK"
            },
            "geometry": {
                "type": "Polygon",
                "coordinates": [
                    [
                        [
                            8.29523563251,
                            52.74918621707
                        ],
                        [
                            8.29545691475,
                            52.74920407618
                        ],
                        [
                            8.29547658038,
                            52.74911479831
                        ],
                        [
                            8.29525529814,
                            52.74909693916
                        ],
                        [
                            8.29523563251,
                            52.74918621707
                        ]
                    ]
                ]
            }
        },
        {
            "type": "Feature",
            "properties": {
                "building": "exhibition"
            },
            "geometry": {
                "type": "Polygon",
                "coordinates": [
                    [
                        [
                            8.29750926652,
                            52.74846478102
                        ],
                        [
                            8.29750766589,
                            52.74848202720
                        ],
                        [
                            8.29755365959,
                            52.74848359128
                        ],
                        [
                            8.29755526022,
                            52.74846634511
                        ],
                        [
                            8.29750926652,
                            52.74846478102
                        ]
                    ]
                ]
            }
        },
        {
            "type": "Feature",
            "properties": {
                "building": "candy-stall",
                "name": "Bubble Attack"
            },
            "geometry": {
                "type": "Polygon",
                "coordinates": [
                    [
                        [
                            8.29267631145,
                            52.74847064762
                        ],
                        [
                            8.29260582832,
                            52.74846211472
                        ],
                        [
                            8.29259864989,
                            52.74848384080
                        ],
                        [
                            8.29266913301,
                            52.74849237370
                        ],
                        [
                            8.29267631145,
                            52.74847064762
                        ]
                    ]
                ]
            }
        },
        {
            "type": "Feature",
            "properties": {
                "item_ice_cream": "yes",
                "building": "candy-stall",
                "name": "Eis-Palast"
            },
            "geometry": {
                "type": "Polygon",
                "coordinates": [
                    [
                        [
                            8.29308420757,
                            52.74806112910
                        ],
                        [
                            8.29309014198,
                            52.74808803960
                        ],
                        [
                            8.29309232846,
                            52.74809795451
                        ],
                        [
                            8.29322252526,
                            52.74808743423
                        ],
                        [
                            8.29321440437,
                            52.74805060881
                        ],
                        [
                            8.29308420757,
                            52.74806112910
                        ]
                    ]
                ]
            }
        },
        {
            "type": "Feature",
            "properties": {
                "building": "exhibition"
            },
            "geometry": {
                "type": "Polygon",
                "coordinates": [
                    [
                        [
                            8.29740383646,
                            52.74848207691
                        ],
                        [
                            8.29748823553,
                            52.74848494702
                        ],
                        [
                            8.29749311847,
                            52.74843233520
                        ],
                        [
                            8.29740871941,
                            52.74842946508
                        ],
                        [
                            8.29740383646,
                            52.74848207691
                        ]
                    ]
                ]
            }
        },
        {
            "type": "Feature",
            "properties": {
                "building": "seller-stall"
            },
            "geometry": {
                "type": "Polygon",
                "coordinates": [
                    [
                        [
                            8.29273926572,
                            52.74759071561
                        ],
                        [
                            8.29266673370,
                            52.74759912307
                        ],
                        [
                            8.29269440275,
                            52.74768658910
                        ],
                        [
                            8.29276693477,
                            52.74767818166
                        ],
                        [
                            8.29273926572,
                            52.74759071561
                        ]
                    ]
                ]
            }
        },
        {
            "type": "Feature",
            "properties": {
                "game_ring_toss": "yes",
                "building": "game-stall"
            },
            "geometry": {
                "type": "Polygon",
                "coordinates": [
                    [
                        [
                            8.29679379389,
                            52.74675439065
                        ],
                        [
                            8.29672316951,
                            52.74674872817
                        ],
                        [
                            8.29670767194,
                            52.74681955683
                        ],
                        [
                            8.29677829632,
                            52.74682521930
                        ],
                        [
                            8.29679379389,
                            52.74675439065
                        ]
                    ]
                ]
            }
        },
        {
            "type": "Feature",
            "properties": {
                "building": "candy-stall",
                "item_roasted_almonds": "yes"
            },
            "geometry": {
                "type": "Polygon",
                "coordinates": [
                    [
                        [
                            8.29499249586,
                            52.74729585668
                        ],
                        [
                            8.29504823415,
                            52.74725856493
                        ],
                        [
                            8.29502094498,
                            52.74724361916
                        ],
                        [
                            8.29496520669,
                            52.74728091092
                        ],
                        [
                            8.29499249586,
                            52.74729585668
                        ]
                    ]
                ]
            }
        },
        {
            "type": "Feature",
            "properties": {
                "building": "exhibition"
            },
            "geometry": {
                "type": "Polygon",
                "coordinates": [
                    [
                        [
                            8.29742226008,
                            52.74872974798
                        ],
                        [
                            8.29750571084,
                            52.74873089602
                        ],
                        [
                            8.29750670369,
                            52.74870445259
                        ],
                        [
                            8.29742325293,
                            52.74870330456
                        ],
                        [
                            8.29742226008,
                            52.74872974798
                        ]
                    ]
                ]
            }
        },
        {
            "type": "Feature",
            "properties": {
                "building": "candy-stall",
                "item_crepe": "yes"
            },
            "geometry": {
                "type": "Polygon",
                "coordinates": [
                    [
                        [
                            8.29239515023,
                            52.74824521475
                        ],
                        [
                            8.29241432164,
                            52.74827798124
                        ],
                        [
                            8.29245684571,
                            52.74826886478
                        ],
                        [
                            8.29243767430,
                            52.74823609829
                        ],
                        [
                            8.29239515023,
                            52.74824521475
                        ]
                    ]
                ]
            }
        },
        {
            "type": "Feature",
            "properties": {
                "building": "food-stall",
                "name": "Nur vom Feinsten"
            },
            "geometry": {
                "type": "Polygon",
                "coordinates": [
                    [
                        [
                            8.29338358384,
                            52.74849634316
                        ],
                        [
                            8.29332212256,
                            52.74849361265
                        ],
                        [
                            8.29331855649,
                            52.74852302344
                        ],
                        [
                            8.29338001778,
                            52.74852575395
                        ],
                        [
                            8.29338358384,
                            52.74849634316
                        ]
                    ]
                ]
            }
        },
        {
            "type": "Feature",
            "properties": {
                "public_transport": "station",
                "amenity": "station",
                "building": "station",
                "priority": "20",
                "slug": "busbahnhof_nord",
                "name": "Busbahnhof Nord"
            },
            "geometry": {
                "type": "Point",
                "coordinates": [
                    8.28803925633,
                    52.74891184104
                ]
            }
        },
        {
            "type": "Feature",
            "properties": {
                "name": "Grillhütte",
                "building": "food-stall"
            },
            "geometry": {
                "type": "Polygon",
                "coordinates": [
                    [
                        [
                            8.29817239908,
                            52.74725516827
                        ],
                        [
                            8.29810993030,
                            52.74725247736
                        ],
                        [
                            8.29810339101,
                            52.74730810381
                        ],
                        [
                            8.29816585979,
                            52.74731079471
                        ],
                        [
                            8.29817239908,
                            52.74725516827
                        ]
                    ]
                ]
            }
        },
        {
            "type": "Feature",
            "properties": {
                "building": "candy-stall",
                "item_crepe": "yes"
            },
            "geometry": {
                "type": "Polygon",
                "coordinates": [
                    [
                        [
                            8.29293086409,
                            52.74809313794
                        ],
                        [
                            8.29298368054,
                            52.74809088118
                        ],
                        [
                            8.29298098829,
                            52.74806779415
                        ],
                        [
                            8.29292817184,
                            52.74807005092
                        ],
                        [
                            8.29293086409,
                            52.74809313794
                        ]
                    ]
                ]
            }
        },
        {
            "type": "Feature",
            "properties": {
                "game_flying_frogs": "yes",
                "building": "game-stall"
            },
            "geometry": {
                "type": "Polygon",
                "coordinates": [
                    [
                        [
                            8.29383699519,
                            52.74851992665
                        ],
                        [
                            8.29383374964,
                            52.74854181771
                        ],
                        [
                            8.29393341611,
                            52.74854723190
                        ],
                        [
                            8.29393666166,
                            52.74852534084
                        ],
                        [
                            8.29383699519,
                            52.74851992665
                        ]
                    ]
                ]
            }
        },
        {
            "type": "Feature",
            "properties": {
                "building": "seller-stall",
                "products": "seller_type_jewelery"
            },
            "geometry": {
                "type": "Polygon",
                "coordinates": [
                    [
                        [
                            8.29705388502,
                            52.74657612031
                        ],
                        [
                            8.29710079671,
                            52.74657166578
                        ],
                        [
                            8.29707803741,
                            52.74648383635
                        ],
                        [
                            8.29703112572,
                            52.74648829089
                        ],
                        [
                            8.29705388502,
                            52.74657612031
                        ]
                    ]
                ]
            }
        },
        {
            "type": "Feature",
            "properties": {
                "building": "yes"
            },
            "geometry": {
                "type": "Polygon",
                "coordinates": [
                    [
                        [
                            8.29904216961,
                            52.74588302433
                        ],
                        [
                            8.29904034600,
                            52.74582451611
                        ],
                        [
                            8.29890453793,
                            52.74582606728
                        ],
                        [
                            8.29890757665,
                            52.74592356052
                        ],
                        [
                            8.29902792957,
                            52.74592218588
                        ],
                        [
                            8.29903229937,
                            52.74606238467
                        ],
                        [
                            8.29919479351,
                            52.74606052872
                        ],
                        [
                            8.29918920860,
                            52.74588134490
                        ],
                        [
                            8.29904216961,
                            52.74588302433
                        ]
                    ]
                ]
            }
        },
        {
            "type": "Feature",
            "properties": {
                "building": "restroom",
                "men": "yes",
                "accessible": "no"
            },
            "geometry": {
                "type": "Polygon",
                "coordinates": [
                    [
                        [
                            8.29523295097,
                            52.74744248337
                        ],
                        [
                            8.29515281821,
                            52.74743667914
                        ],
                        [
                            8.29513907366,
                            52.74750621042
                        ],
                        [
                            8.29521920641,
                            52.74751201463
                        ],
                        [
                            8.29523295097,
                            52.74744248337
                        ]
                    ]
                ]
            }
        },
        {
            "type": "Feature",
            "properties": {
                "building": "food-stall",
                "name": "Gourmet Küche"
            },
            "geometry": {
                "type": "Polygon",
                "coordinates": [
                    [
                        [
                            8.29541131787,
                            52.74817513586
                        ],
                        [
                            8.29545426983,
                            52.74817819465
                        ],
                        [
                            8.29546499867,
                            52.74812299245
                        ],
                        [
                            8.29542204671,
                            52.74811993367
                        ],
                        [
                            8.29541131787,
                            52.74817513586
                        ]
                    ]
                ]
            }
        },
        {
            "type": "Feature",
            "properties": {
                "game_darts": "yes",
                "building": "game-stall"
            },
            "geometry": {
                "type": "Polygon",
                "coordinates": [
                    [
                        [
                            8.29487603840,
                            52.74749072337
                        ],
                        [
                            8.29481101246,
                            52.74753622977
                        ],
                        [
                            8.29483560721,
                            52.74754910748
                        ],
                        [
                            8.29490063315,
                            52.74750360109
                        ],
                        [
                            8.29487603840,
                            52.74749072337
                        ]
                    ]
                ]
            }
        },
        {
            "type": "Feature",
            "properties": {
                "building": "restroom"
            },
            "geometry": {
                "type": "Polygon",
                "coordinates": [
                    [
                        [
                            8.29926264134,
                            52.74386098718
                        ],
                        [
                            8.29926425109,
                            52.74388128947
                        ],
                        [
                            8.29938402758,
                            52.74387780898
                        ],
                        [
                            8.29938241783,
                            52.74385750670
                        ],
                        [
                            8.29926264134,
                            52.74386098718
                        ]
                    ]
                ]
            }
        },
        {
            "type": "Feature",
            "properties": {
                "building": "yes"
            },
            "geometry": {
                "type": "Polygon",
                "coordinates": [
                    [
                        [
                            8.29380199179,
                            52.74724034258
                        ],
                        [
                            8.29384233459,
                            52.74723566910
                        ],
                        [
                            8.29384303853,
                            52.74723789574
                        ],
                        [
                            8.29387307033,
                            52.74733288927
                        ],
                        [
                            8.29400446109,
                            52.74731766843
                        ],
                        [
                            8.29416729971,
                            52.74729880454
                        ],
                        [
                            8.29413726792,
                            52.74720381094
                        ],
                        [
                            8.29397442929,
                            52.74722267487
                        ],
                        [
                            8.29393073782,
                            52.74708447403
                        ],
                        [
                            8.29379934707,
                            52.74709969495
                        ],
                        [
                            8.29382561231,
                            52.74718277477
                        ],
                        [
                            8.29378526951,
                            52.74718744826
                        ],
                        [
                            8.29380199179,
                            52.74724034258
                        ]
                    ]
                ]
            }
        },
        {
            "type": "Feature",
            "properties": {
                "building": "food-stall",
                "item_fish": "yes"
            },
            "geometry": {
                "type": "Polygon",
                "coordinates": [
                    [
                        [
                            8.29031233187,
                            52.74824674481
                        ],
                        [
                            8.29016013372,
                            52.74825367582
                        ],
                        [
                            8.29016346205,
                            52.74828045554
                        ],
                        [
                            8.29031566020,
                            52.74827352453
                        ],
                        [
                            8.29031233187,
                            52.74824674481
                        ]
                    ]
                ]
            }
        },
        {
            "type": "Feature",
            "properties": {
                "building": "food-stall",
                "item_mushrooms": "yes"
            },
            "geometry": {
                "type": "Polygon",
                "coordinates": [
                    [
                        [
                            8.29696221259,
                            52.74742151566
                        ],
                        [
                            8.29699749235,
                            52.74742454815
                        ],
                        [
                            8.29701225530,
                            52.74736161454
                        ],
                        [
                            8.29697697555,
                            52.74735858204
                        ],
                        [
                            8.29696221259,
                            52.74742151566
                        ]
                    ]
                ]
            }
        },
        {
            "type": "Feature",
            "properties": {
                "priority": "93",
                "item_cauliflower": "yes",
                "building": "food-stall",
                "item_vegetables": "yes",
                "vegan_options": "yes",
                "name": "Buffet mit Biss",
                "item_mushrooms": "yes"
            },
            "geometry": {
                "type": "Polygon",
                "coordinates": [
                    [
                        [
                            8.29621805268,
                            52.74684610599
                        ],
                        [
                            8.29619837908,
                            52.74677648922
                        ],
                        [
                            8.29615807049,
                            52.74678066333
                        ],
                        [
                            8.29617774409,
                            52.74685028010
                        ],
                        [
                            8.29621805268,
                            52.74684610599
                        ]
                    ]
                ]
            }
        },
        {
            "type": "Feature",
            "properties": {
                "game_archery": "yes",
                "building": "game-stall"
            },
            "geometry": {
                "type": "Polygon",
                "coordinates": [
                    [
                        [
                            8.29266369899,
                            52.74838521198
                        ],
                        [
                            8.29278183235,
                            52.74839088219
                        ],
                        [
                            8.29278892128,
                            52.74833676703
                        ],
                        [
                            8.29267078791,
                            52.74833109681
                        ],
                        [
                            8.29266369899,
                            52.74838521198
                        ]
                    ]
                ]
            }
        },
        {
            "type": "Feature",
            "properties": {
                "building": "food-stall",
                "item_fish": "yes"
            },
            "geometry": {
                "type": "Polygon",
                "coordinates": [
                    [
                        [
                            8.29808440311,
                            52.74772455043
                        ],
                        [
                            8.29792897522,
                            52.74775687688
                        ],
                        [
                            8.29795823889,
                            52.74780843263
                        ],
                        [
                            8.29811366678,
                            52.74777610622
                        ],
                        [
                            8.29808440311,
                            52.74772455043
                        ]
                    ]
                ]
            }
        },
        {
            "type": "Feature",
            "properties": {
                "type": "polyp",
                "name": "Octopussy",
                "building": "ride",
                "website": "https://markmann-schausteller.de/octopussy-02/",
                "slug": "octopussy"
            },
            "geometry": {
                "type": "Polygon",
                "coordinates": [
                    [
                        [
                            8.29534765817,
                            52.74768843106
                        ],
                        [
                            8.29539906091,
                            52.74768924478
                        ],
                        [
                            8.29544753242,
                            52.74769963387
                        ],
                        [
                            8.29548832796,
                            52.74771858137
                        ],
                        [
                            8.29551745420,
                            52.74774423254
                        ],
                        [
                            8.29553206004,
                            52.74777407646
                        ],
                        [
                            8.29553071577,
                            52.74780519181
                        ],
                        [
                            8.29551355297,
                            52.74783453279
                        ],
                        [
                            8.29548225166,
                            52.74785922731
                        ],
                        [
                            8.29543987583,
                            52.74787685811
                        ],
                        [
                            8.29539057351,
                            52.74788569936
                        ],
                        [
                            8.29533917077,
                            52.74788488565
                        ],
                        [
                            8.29529069927,
                            52.74787449660
                        ],
                        [
                            8.29524990372,
                            52.74785554918
                        ],
                        [
                            8.29522077749,
                            52.74782989807
                        ],
                        [
                            8.29520617164,
                            52.74780005418
                        ],
                        [
                            8.29520751592,
                            52.74776893883
                        ],
                        [
                            8.29522467871,
                            52.74773959781
                        ],
                        [
                            8.29525598002,
                            52.74771490322
                        ],
                        [
                            8.29529835586,
                            52.74769727236
                        ],
                        [
                            8.29534765817,
                            52.74768843106
                        ]
                    ]
                ]
            }
        },
        {
            "type": "Feature",
            "properties": {
                "building": "restroom",
                "accessible": "yes"
            },
            "geometry": {
                "type": "Polygon",
                "coordinates": [
                    [
                        [
                            8.29600877993,
                            52.74766167156
                        ],
                        [
                            8.29585947723,
                            52.74764784340
                        ],
                        [
                            8.29585321181,
                            52.74767263094
                        ],
                        [
                            8.29600251450,
                            52.74768645909
                        ],
                        [
                            8.29600877993,
                            52.74766167156
                        ]
                    ]
                ]
            }
        },
        {
            "type": "Feature",
            "properties": {
                "building": "seller-stall"
            },
            "geometry": {
                "type": "Polygon",
                "coordinates": [
                    [
                        [
                            8.29810328351,
                            52.74731534622
                        ],
                        [
                            8.29808340691,
                            52.74743031786
                        ],
                        [
                            8.29813062511,
                            52.74743330906
                        ],
                        [
                            8.29815050172,
                            52.74731833743
                        ],
                        [
                            8.29810328351,
                            52.74731534622
                        ]
                    ]
                ]
            }
        },
        {
            "type": "Feature",
            "properties": {
                "name": "SlamDunk Basketball",
                "game_basketball": "yes",
                "building": "game-stall"
            },
            "geometry": {
                "type": "Polygon",
                "coordinates": [
                    [
                        [
                            8.29691327120,
                            52.74754084059
                        ],
                        [
                            8.29689707139,
                            52.74760948392
                        ],
                        [
                            8.29695702729,
                            52.74761466863
                        ],
                        [
                            8.29697322710,
                            52.74754602530
                        ],
                        [
                            8.29691327120,
                            52.74754084059
                        ]
                    ]
                ]
            }
        },
        {
            "type": "Feature",
            "properties": {
                "building": "food-stall",
                "name": "Schlemmer-Hütte"
            },
            "geometry": {
                "type": "Polygon",
                "coordinates": [
                    [
                        [
                            8.29570895457,
                            52.74677300821
                        ],
                        [
                            8.29566977529,
                            52.74680262550
                        ],
                        [
                            8.29570108050,
                            52.74681780035
                        ],
                        [
                            8.29574025978,
                            52.74678818307
                        ],
                        [
                            8.29570895457,
                            52.74677300821
                        ]
                    ]
                ]
            }
        },
        {
            "type": "Feature",
            "properties": {
                "operator": "Freiwald",
                "name": "Renn-Piste",
                "slug": "renn-piste",
                "building": "ride",
                "type": "slide",
                "forKids": "yes"
            },
            "geometry": {
                "type": "Polygon",
                "coordinates": [
                    [
                        [
                            8.29717030197,
                            52.74724153273
                        ],
                        [
                            8.29768432210,
                            52.74728575747
                        ],
                        [
                            8.29769855349,
                            52.74722514675
                        ],
                        [
                            8.29718453336,
                            52.74718092195
                        ],
                        [
                            8.29717030197,
                            52.74724153273
                        ]
                    ]
                ]
            }
        },
        {
            "type": "Feature",
            "properties": {
                "building": "candy-stall",
                "item_crepe": "yes",
                "name": "Crepes Factory"
            },
            "geometry": {
                "type": "Polygon",
                "coordinates": [
                    [
                        [
                            8.29844376236,
                            52.74649206943
                        ],
                        [
                            8.29837909945,
                            52.74650667954
                        ],
                        [
                            8.29839441115,
                            52.74653151245
                        ],
                        [
                            8.29845907406,
                            52.74651690235
                        ],
                        [
                            8.29844376236,
                            52.74649206943
                        ]
                    ]
                ]
            }
        },
        {
            "type": "Feature",
            "properties": {
                "building": "seller-stall"
            },
            "geometry": {
                "type": "Polygon",
                "coordinates": [
                    [
                        [
                            8.29291265812,
                            52.74758391899
                        ],
                        [
                            8.29286828927,
                            52.74758774644
                        ],
                        [
                            8.29287461250,
                            52.74761460530
                        ],
                        [
                            8.29291898135,
                            52.74761077784
                        ],
                        [
                            8.29291265812,
                            52.74758391899
                        ]
                    ]
                ]
            }
        },
        {
            "type": "Feature",
            "properties": {
                "building": "exhibition"
            },
            "geometry": {
                "type": "Polygon",
                "coordinates": [
                    [
                        [
                            8.29758560375,
                            52.74865127842
                        ],
                        [
                            8.29759224188,
                            52.74859846850
                        ],
                        [
                            8.29750135974,
                            52.74859428279
                        ],
                        [
                            8.29749472162,
                            52.74864709271
                        ],
                        [
                            8.29758560375,
                            52.74865127842
                        ]
                    ]
                ]
            }
        },
        {
            "type": "Feature",
            "properties": {
                "building": "yes"
            },
            "geometry": {
                "type": "Polygon",
                "coordinates": [
                    [
                        [
                            8.29531609878,
                            52.74605670182
                        ],
                        [
                            8.29547032580,
                            52.74603802959
                        ],
                        [
                            8.29543318752,
                            52.74592562134
                        ],
                        [
                            8.29527896050,
                            52.74594429362
                        ],
                        [
                            8.29531609878,
                            52.74605670182
                        ]
                    ]
                ]
            }
        },
        {
            "type": "Feature",
            "properties": {
                "building": "game-stall",
                "game_football": "yes"
            },
            "geometry": {
                "type": "Polygon",
                "coordinates": [
                    [
                        [
                            8.29605573522,
                            52.74843849647
                        ],
                        [
                            8.29606619041,
                            52.74839034335
                        ],
                        [
                            8.29597054050,
                            52.74838273384
                        ],
                        [
                            8.29596008530,
                            52.74843088697
                        ],
                        [
                            8.29605573522,
                            52.74843849647
                        ]
                    ]
                ]
            }
        },
        {
            "type": "Feature",
            "properties": {
                "building": "food-stall",
                "item_potatoes": "yes"
            },
            "geometry": {
                "type": "Polygon",
                "coordinates": [
                    [
                        [
                            8.29671341116,
                            52.74799177852
                        ],
                        [
                            8.29661871669,
                            52.74800331709
                        ],
                        [
                            8.29662932945,
                            52.74803523052
                        ],
                        [
                            8.29672402392,
                            52.74802369196
                        ],
                        [
                            8.29671341116,
                            52.74799177852
                        ]
                    ]
                ]
            }
        },
        {
            "type": "Feature",
            "properties": {
                "building": "game-stall"
            },
            "geometry": {
                "type": "Polygon",
                "coordinates": [
                    [
                        [
                            8.29679538875,
                            52.74683114192
                        ],
                        [
                            8.29671281199,
                            52.74682452115
                        ],
                        [
                            8.29668295175,
                            52.74696099125
                        ],
                        [
                            8.29676552851,
                            52.74696761201
                        ],
                        [
                            8.29679538875,
                            52.74683114192
                        ]
                    ]
                ]
            }
        },
        {
            "type": "Feature",
            "properties": {
                "building": "seller-stall",
                "products": "seller_type_smartphone_utils"
            },
            "geometry": {
                "type": "Polygon",
                "coordinates": [
                    [
                        [
                            8.28995772597,
                            52.74819650183
                        ],
                        [
                            8.28996048400,
                            52.74822011310
                        ],
                        [
                            8.29007626398,
                            52.74821515768
                        ],
                        [
                            8.29007350596,
                            52.74819154640
                        ],
                        [
                            8.28995772597,
                            52.74819650183
                        ]
                    ]
                ]
            }
        },
        {
            "type": "Feature",
            "properties": {
                "building": "food-stall",
                "item_corndogs": "yes"
            },
            "geometry": {
                "type": "Polygon",
                "coordinates": [
                    [
                        [
                            8.29576419145,
                            52.74740835657
                        ],
                        [
                            8.29575449040,
                            52.74745288003
                        ],
                        [
                            8.29579358888,
                            52.74745600160
                        ],
                        [
                            8.29580328993,
                            52.74741147814
                        ],
                        [
                            8.29576419145,
                            52.74740835657
                        ]
                    ]
                ]
            }
        },
        {
            "type": "Feature",
            "properties": {
                "item_ice_cream": "yes",
                "building": "candy-stall"
            },
            "geometry": {
                "type": "Polygon",
                "coordinates": [
                    [
                        [
                            8.29760826532,
                            52.74653718207
                        ],
                        [
                            8.29759719361,
                            52.74650482012
                        ],
                        [
                            8.29743693021,
                            52.74652491182
                        ],
                        [
                            8.29744800193,
                            52.74655727376
                        ],
                        [
                            8.29760826532,
                            52.74653718207
                        ]
                    ]
                ]
            }
        },
        {
            "type": "Feature",
            "properties": {
                "building": "candy-stall",
                "item_roasted_almonds": "yes"
            },
            "geometry": {
                "type": "Polygon",
                "coordinates": [
                    [
                        [
                            8.29675062484,
                            52.74674018594
                        ],
                        [
                            8.29686715106,
                            52.74672702588
                        ],
                        [
                            8.29685903002,
                            52.74670067618
                        ],
                        [
                            8.29674250379,
                            52.74671383624
                        ],
                        [
                            8.29675062484,
                            52.74674018594
                        ]
                    ]
                ]
            }
        },
        {
            "type": "Feature",
            "properties": {
                "building": "candy-stall",
                "item_crepe": "yes"
            },
            "geometry": {
                "type": "Polygon",
                "coordinates": [
                    [
                        [
                            8.29654431390,
                            52.74803421066
                        ],
                        [
                            8.29661687199,
                            52.74802713864
                        ],
                        [
                            8.29661074216,
                            52.74800409434
                        ],
                        [
                            8.29653818406,
                            52.74801116636
                        ],
                        [
                            8.29654431390,
                            52.74803421066
                        ]
                    ]
                ]
            }
        },
        {
            "type": "Feature",
            "properties": {
                "name": "Zur Wassermühle",
                "item_fries": "yes",
                "item_potato_fritter": "no",
                "building": "bar",
                "item_shots": "yes",
                "item_softdrinks": "yes",
                "item_currywurst": "yes",
                "item_sausauge": "yes",
                "isBar": "yes",
                "item_beer": "yes"
            },
            "geometry": {
                "type": "Polygon",
                "coordinates": [
                    [
                        [
                            8.29489633374,
                            52.74808908535
                        ],
                        [
                            8.29506930204,
                            52.74809077408
                        ],
                        [
                            8.29507268898,
                            52.74796366236
                        ],
                        [
                            8.29489972068,
                            52.74796197363
                        ],
                        [
                            8.29489633374,
                            52.74808908535
                        ]
                    ]
                ]
            }
        },
        {
            "type": "Feature",
            "properties": {
                "building": "seller-stall",
                "products": "seller_type_airbrush"
            },
            "geometry": {
                "type": "Polygon",
                "coordinates": [
                    [
                        [
                            8.29722359323,
                            52.74654011698
                        ],
                        [
                            8.29728221300,
                            52.74653580124
                        ],
                        [
                            8.29727367826,
                            52.74649332164
                        ],
                        [
                            8.29721505850,
                            52.74649763739
                        ],
                        [
                            8.29722359323,
                            52.74654011698
                        ]
                    ]
                ]
            }
        },
        {
            "type": "Feature",
            "properties": {
                "item_ice_cream": "yes",
                "building": "candy-stall",
                "name": "Eis wie Sahne"
            },
            "geometry": {
                "type": "Polygon",
                "coordinates": [
                    [
                        [
                            8.29560536337,
                            52.74861361123
                        ],
                        [
                            8.29557231862,
                            52.74870783308
                        ],
                        [
                            8.29562293739,
                            52.74871433769
                        ],
                        [
                            8.29565598214,
                            52.74862011586
                        ],
                        [
                            8.29560536337,
                            52.74861361123
                        ]
                    ]
                ]
            }
        },
        {
            "type": "Feature",
            "properties": {
                "building": "exhibition"
            },
            "geometry": {
                "type": "Polygon",
                "coordinates": [
                    [
                        [
                            8.29784525017,
                            52.74850061635
                        ],
                        [
                            8.29776084904,
                            52.74849893209
                        ],
                        [
                            8.29775800413,
                            52.74855116812
                        ],
                        [
                            8.29784240526,
                            52.74855285238
                        ],
                        [
                            8.29784525017,
                            52.74850061635
                        ]
                    ]
                ]
            }
        },
        {
            "type": "Feature",
            "properties": {
                "item_churros": "yes",
                "building": "candy-stall"
            },
            "geometry": {
                "type": "Polygon",
                "coordinates": [
                    [
                        [
                            8.29101446205,
                            52.74819690378
                        ],
                        [
                            8.29094137820,
                            52.74820003179
                        ],
                        [
                            8.29094499402,
                            52.74823098665
                        ],
                        [
                            8.29101807788,
                            52.74822785864
                        ],
                        [
                            8.29101446205,
                            52.74819690378
                        ]
                    ]
                ]
            }
        },
        {
            "type": "Feature",
            "properties": {
                "building": "food-stall",
                "item_fish": "yes"
            },
            "geometry": {
                "type": "Polygon",
                "coordinates": [
                    [
                        [
                            8.29314216111,
                            52.74796646774
                        ],
                        [
                            8.29329361027,
                            52.74795531801
                        ],
                        [
                            8.29328402214,
                            52.74790759693
                        ],
                        [
                            8.29313257298,
                            52.74791874667
                        ],
                        [
                            8.29314216111,
                            52.74796646774
                        ]
                    ]
                ]
            }
        },
        {
            "type": "Feature",
            "properties": {
                "building": "food-stall",
                "name": "Happy Potato",
                "item_tornado_potato": "yes"
            },
            "geometry": {
                "type": "Polygon",
                "coordinates": [
                    [
                        [
                            8.29507922336,
                            52.74734896314
                        ],
                        [
                            8.29503502870,
                            52.74737989152
                        ],
                        [
                            8.29505944049,
                            52.74739267347
                        ],
                        [
                            8.29510363515,
                            52.74736174510
                        ],
                        [
                            8.29507922336,
                            52.74734896314
                        ]
                    ]
                ]
            }
        },
        {
            "type": "Feature",
            "properties": {
                "building": "bar",
                "isTent": "no",
                "name": "Zur Scheune",
                "operator": "Hempen"
            },
            "geometry": {
                "type": "Polygon",
                "coordinates": [
                    [
                        [
                            8.29560713988,
                            52.74712583279
                        ],
                        [
                            8.29569827986,
                            52.74706473045
                        ],
                        [
                            8.29558772207,
                            52.74700430337
                        ],
                        [
                            8.29549658209,
                            52.74706540580
                        ],
                        [
                            8.29560713988,
                            52.74712583279
                        ]
                    ]
                ]
            }
        },
        {
            "type": "Feature",
            "properties": {
                "operator": "Krause",
                "slug": "musik-express",
                "name": "Musik-Express",
                "building": "ride",
                "type": "caterpillar"
            },
            "geometry": {
                "type": "Polygon",
                "coordinates": [
                    [
                        [
                            8.29591624372,
                            52.74697487821
                        ],
                        [
                            8.29620919516,
                            52.74694047010
                        ],
                        [
                            8.29615764253,
                            52.74677963534
                        ],
                        [
                            8.29586469109,
                            52.74681404358
                        ],
                        [
                            8.29591624372,
                            52.74697487821
                        ]
                    ]
                ]
            }
        },
        {
            "type": "Feature",
            "properties": {
                "building": "candy-stall",
                "item_roasted_almonds": "yes"
            },
            "geometry": {
                "type": "Polygon",
                "coordinates": [
                    [
                        [
                            8.29829938643,
                            52.74641796692
                        ],
                        [
                            8.29832230877,
                            52.74643672225
                        ],
                        [
                            8.29840478670,
                            52.74639978402
                        ],
                        [
                            8.29838186435,
                            52.74638102867
                        ],
                        [
                            8.29829938643,
                            52.74641796692
                        ]
                    ]
                ]
            }
        },
        {
            "type": "Feature",
            "properties": {
                "building": "candy-stall",
                "item_gingerbread": "yes"
            },
            "geometry": {
                "type": "Polygon",
                "coordinates": [
                    [
                        [
                            8.29829846863,
                            52.74770577082
                        ],
                        [
                            8.29828522045,
                            52.74768243057
                        ],
                        [
                            8.29809474444,
                            52.74772204649
                        ],
                        [
                            8.29810799262,
                            52.74774538671
                        ],
                        [
                            8.29829846863,
                            52.74770577082
                        ]
                    ]
                ]
            }
        },
        {
            "type": "Feature",
            "properties": {
                "building": "exhibition"
            },
            "geometry": {
                "type": "Polygon",
                "coordinates": [
                    [
                        [
                            8.29774845323,
                            52.74862322519
                        ],
                        [
                            8.29774609327,
                            52.74866655688
                        ],
                        [
                            8.29781573827,
                            52.74866794667
                        ],
                        [
                            8.29781809824,
                            52.74862461498
                        ],
                        [
                            8.29774845323,
                            52.74862322519
                        ]
                    ]
                ]
            }
        },
        {
            "type": "Feature",
            "properties": {
                "building": "candy-stall",
                "item_kurtosh_kalach": "yes"
            },
            "geometry": {
                "type": "Polygon",
                "coordinates": [
                    [
                        [
                            8.29260144562,
                            52.74846081100
                        ],
                        [
                            8.29249172622,
                            52.74843314032
                        ],
                        [
                            8.29247841381,
                            52.74845248155
                        ],
                        [
                            8.29258813322,
                            52.74848015221
                        ],
                        [
                            8.29260144562,
                            52.74846081100
                        ]
                    ]
                ]
            }
        },
        {
            "type": "Feature",
            "properties": {
                "name": "Eingang Nord",
                "building": "entrance",
                "entity": "entry",
                "slug": "eingang-nord",
                "priority": "50"
            },
            "geometry": {
                "type": "Polygon",
                "coordinates": [
                    [
                        [
                            8.29828128085,
                            52.74768196711
                        ],
                        [
                            8.29831883177,
                            52.74768521433
                        ],
                        [
                            8.29834219380,
                            52.74758622264
                        ],
                        [
                            8.29830464288,
                            52.74758297541
                        ],
                        [
                            8.29828128085,
                            52.74768196711
                        ]
                    ]
                ]
            }
        },
        {
            "type": "Feature",
            "properties": {
                "building": "restroom",
                "accessible": "yes"
            },
            "geometry": {
                "type": "Polygon",
                "coordinates": [
                    [
                        [
                            8.29793982422,
                            52.74795109739
                        ],
                        [
                            8.29793874365,
                            52.74796922970
                        ],
                        [
                            8.29797688579,
                            52.74797006257
                        ],
                        [
                            8.29797796636,
                            52.74795193026
                        ],
                        [
                            8.29797618024,
                            52.74795189126
                        ],
                        [
                            8.29793982422,
                            52.74795109739
                        ]
                    ]
                ]
            }
        },
        {
            "type": "Feature",
            "properties": {
                "operator": "Welte",
                "building": "ride",
                "slug": "big-spin",
                "type": "jump_n_smile",
                "name": "Big Spin",
                "website": "https://www.facebook.com/Welte.Maximilian"
            },
            "geometry": {
                "type": "Polygon",
                "coordinates": [
                    [
                        [
                            8.29492012112,
                            52.74772558007
                        ],
                        [
                            8.29495224174,
                            52.74774198554
                        ],
                        [
                            8.29497441533,
                            52.74776359640
                        ],
                        [
                            8.29498447137,
                            52.74778829724
                        ],
                        [
                            8.29498142551,
                            52.74781367016
                        ],
                        [
                            8.29496557590,
                            52.74783723148
                        ],
                        [
                            8.29493847401,
                            52.74785667486
                        ],
                        [
                            8.29490277277,
                            52.74787009705
                        ],
                        [
                            8.29486196685,
                            52.74787618421
                        ],
                        [
                            8.29482005063,
                            52.74787434048
                        ],
                        [
                            8.29478112715,
                            52.74786474634
                        ],
                        [
                            8.29474900653,
                            52.74784834092
                        ],
                        [
                            8.29472683294,
                            52.74782673010
                        ],
                        [
                            8.29471677690,
                            52.74780202929
                        ],
                        [
                            8.29471982276,
                            52.74777665636
                        ],
                        [
                            8.29473567237,
                            52.74775309501
                        ],
                        [
                            8.29476277426,
                            52.74773365158
                        ],
                        [
                            8.29479847551,
                            52.74772022934
                        ],
                        [
                            8.29483928142,
                            52.74771414216
                        ],
                        [
                            8.29488119765,
                            52.74771598590
                        ],
                        [
                            8.29492012112,
                            52.74772558007
                        ]
                    ]
                ]
            }
        },
        {
            "type": "Feature",
            "properties": {
                "operator": "Heinen",
                "building": "food-stall",
                "item_fries": "yes",
                "item_shots": "yes",
                "item_longdrinks": "yes",
                "item_softdrinks": "yes",
                "item_currywurst": "yes",
                "isBar": "yes",
                "item_sausauge": "yes",
                "item_beer": "yes"
            },
            "geometry": {
                "type": "Polygon",
                "coordinates": [
                    [
                        [
                            8.29703692665,
                            52.74668365149
                        ],
                        [
                            8.29686955045,
                            52.74670153504
                        ],
                        [
                            8.29687974658,
                            52.74673650329
                        ],
                        [
                            8.29681343236,
                            52.74674358872
                        ],
                        [
                            8.29683939843,
                            52.74683264078
                        ],
                        [
                            8.29701379431,
                            52.74681400725
                        ],
                        [
                            8.29698775485,
                            52.74672470349
                        ],
                        [
                            8.29704704940,
                            52.74671836809
                        ],
                        [
                            8.29703692665,
                            52.74668365149
                        ]
                    ]
                ]
            }
        },
        {
            "type": "Feature",
            "properties": {
                "building": "candy-stall",
                "item_crepe": "yes"
            },
            "geometry": {
                "type": "Polygon",
                "coordinates": [
                    [
                        [
                            8.29532460548,
                            52.74702997301
                        ],
                        [
                            8.29526469846,
                            52.74706817954
                        ],
                        [
                            8.29530223727,
                            52.74708974764
                        ],
                        [
                            8.29536214429,
                            52.74705154114
                        ],
                        [
                            8.29532460548,
                            52.74702997301
                        ]
                    ]
                ]
            }
        },
        {
            "type": "Feature",
            "properties": {
                "game_machines": "yes",
                "building": "game-stall"
            },
            "geometry": {
                "type": "Polygon",
                "coordinates": [
                    [
                        [
                            8.29437115979,
                            52.74854937543
                        ],
                        [
                            8.29432783808,
                            52.74854702205
                        ],
                        [
                            8.29432389102,
                            52.74857364465
                        ],
                        [
                            8.29436721273,
                            52.74857599802
                        ],
                        [
                            8.29437115979,
                            52.74854937543
                        ]
                    ]
                ]
            }
        },
        {
            "type": "Feature",
            "properties": {
                "building": "food-stall",
                "item_vegetables": "yes"
            },
            "geometry": {
                "type": "Polygon",
                "coordinates": [
                    [
                        [
                            8.29648495231,
                            52.74725067824
                        ],
                        [
                            8.29648933976,
                            52.74720508582
                        ],
                        [
                            8.29645140130,
                            52.74720374803
                        ],
                        [
                            8.29644701384,
                            52.74724934045
                        ],
                        [
                            8.29648495231,
                            52.74725067824
                        ]
                    ]
                ]
            }
        },
        {
            "type": "Feature",
            "properties": {
                "building": "exhibition"
            },
            "geometry": {
                "type": "Polygon",
                "coordinates": [
                    [
                        [
                            8.29760702748,
                            52.74873559501
                        ],
                        [
                            8.29765320839,
                            52.74873512563
                        ],
                        [
                            8.29765244509,
                            52.74870760891
                        ],
                        [
                            8.29760626419,
                            52.74870807828
                        ],
                        [
                            8.29760702748,
                            52.74873559501
                        ]
                    ]
                ]
            }
        },
        {
            "type": "Feature",
            "properties": {
                "building": "candy-stall",
                "item_roasted_almonds": "yes"
            },
            "geometry": {
                "type": "Polygon",
                "coordinates": [
                    [
                        [
                            8.29403336829,
                            52.74803651847
                        ],
                        [
                            8.29402586451,
                            52.74799203366
                        ],
                        [
                            8.29389389342,
                            52.74800019046
                        ],
                        [
                            8.29390139720,
                            52.74804467526
                        ],
                        [
                            8.29403336829,
                            52.74803651847
                        ]
                    ]
                ]
            }
        },
        {
            "type": "Feature",
            "properties": {
                "building": "food-stall",
                "item_mushrooms": "yes"
            },
            "geometry": {
                "type": "Polygon",
                "coordinates": [
                    [
                        [
                            8.29823152377,
                            52.74662868917
                        ],
                        [
                            8.29818378579,
                            52.74662628102
                        ],
                        [
                            8.29817871101,
                            52.74666314471
                        ],
                        [
                            8.29822644898,
                            52.74666555286
                        ],
                        [
                            8.29823152377,
                            52.74662868917
                        ]
                    ]
                ]
            }
        },
        {
            "type": "Feature",
            "properties": {
                "building": "restroom"
            },
            "geometry": {
                "type": "Polygon",
                "coordinates": [
                    [
                        [
                            8.29522289269,
                            52.74893781200
                        ],
                        [
                            8.29526222801,
                            52.74894056460
                        ],
                        [
                            8.29528190129,
                            52.74883755677
                        ],
                        [
                            8.29524256596,
                            52.74883480416
                        ],
                        [
                            8.29522289269,
                            52.74893781200
                        ]
                    ]
                ]
            }
        },
        {
            "type": "Feature",
            "properties": {
                "building": "candy-stall",
                "item_roasted_almonds": "yes"
            },
            "geometry": {
                "type": "Polygon",
                "coordinates": [
                    [
                        [
                            8.29733756018,
                            52.74657365572
                        ],
                        [
                            8.29743713211,
                            52.74656389691
                        ],
                        [
                            8.29743081719,
                            52.74654028617
                        ],
                        [
                            8.29733124526,
                            52.74655004499
                        ],
                        [
                            8.29733756018,
                            52.74657365572
                        ]
                    ]
                ]
            }
        },
        {
            "type": "Feature",
            "properties": {
                "building": "restroom"
            },
            "geometry": {
                "type": "Polygon",
                "coordinates": [
                    [
                        [
                            8.29434552098,
                            52.74869668278
                        ],
                        [
                            8.29436798681,
                            52.74868152986
                        ],
                        [
                            8.29427829234,
                            52.74863280494
                        ],
                        [
                            8.29425582651,
                            52.74864795788
                        ],
                        [
                            8.29434552098,
                            52.74869668278
                        ]
                    ]
                ]
            }
        },
        {
            "type": "Feature",
            "properties": {
                "building": "seller-stall",
                "products": "seller_type_leather"
            },
            "geometry": {
                "type": "Polygon",
                "coordinates": [
                    [
                        [
                            8.29575474845,
                            52.74623498856
                        ],
                        [
                            8.29570899127,
                            52.74624001410
                        ],
                        [
                            8.29574328057,
                            52.74635441824
                        ],
                        [
                            8.29578903775,
                            52.74634939271
                        ],
                        [
                            8.29575474845,
                            52.74623498856
                        ]
                    ]
                ]
            }
        },
        {
            "type": "Feature",
            "properties": {
                "website": "https://www.schausteller-hanstein.de/portfolio/commander/|https://www.facebook.com/Commander.Hanstein/",
                "name": "Commander",
                "building": "ride",
                "operator": "Hanstein",
                "slug": "commander"
            },
            "geometry": {
                "type": "Polygon",
                "coordinates": [
                    [
                        [
                            8.29694556857,
                            52.74712659975
                        ],
                        [
                            8.29696492506,
                            52.74715399613
                        ],
                        [
                            8.29697074674,
                            52.74718358384
                        ],
                        [
                            8.29696256196,
                            52.74721296586
                        ],
                        [
                            8.29694103382,
                            52.74723976184
                        ],
                        [
                            8.29690790640,
                            52.74726180093
                        ],
                        [
                            8.29686586347,
                            52.74727729767
                        ],
                        [
                            8.29681831112,
                            52.74728499660
                        ],
                        [
                            8.29676910174,
                            52.74728427402
                        ],
                        [
                            8.29672222199,
                            52.74727518845
                        ],
                        [
                            8.29668146979,
                            52.74725847596
                        ],
                        [
                            8.29665014664,
                            52.74723549049
                        ],
                        [
                            8.29662640269,
                            52.74720189713
                        ],
                        [
                            8.29662058102,
                            52.74717230943
                        ],
                        [
                            8.29662876579,
                            52.74714292738
                        ],
                        [
                            8.29665029393,
                            52.74711613134
                        ],
                        [
                            8.29668342136,
                            52.74709409218
                        ],
                        [
                            8.29672546428,
                            52.74707859538
                        ],
                        [
                            8.29677301664,
                            52.74707089640
                        ],
                        [
                            8.29682222602,
                            52.74707161899
                        ],
                        [
                            8.29686910577,
                            52.74708070460
                        ],
                        [
                            8.29691424542,
                            52.74710361420
                        ],
                        [
                            8.29694556857,
                            52.74712659975
                        ]
                    ]
                ]
            }
        },
        {
            "type": "Feature",
            "properties": {
                "products": "seller_type_cloth",
                "building": "seller-stall"
            },
            "geometry": {
                "type": "Polygon",
                "coordinates": [
                    [
                        [
                            8.29281874086,
                            52.74787306789
                        ],
                        [
                            8.29276269326,
                            52.74788013023
                        ],
                        [
                            8.29279145038,
                            52.74796375372
                        ],
                        [
                            8.29284749798,
                            52.74795669139
                        ],
                        [
                            8.29281874086,
                            52.74787306789
                        ]
                    ]
                ]
            }
        },
        {
            "type": "Feature",
            "properties": {
                "type": "swing_ride",
                "slug": "wellenflug",
                "building": "ride",
                "website": "https://www.schausteller-hanstein.de/portfolio/wellenflug/|https://www.facebook.com/Hanstein.Wellenflug/",
                "name": "Wellenflug"
            },
            "geometry": {
                "type": "Polygon",
                "coordinates": [
                    [
                        [
                            8.29627245437,
                            52.74779626304
                        ],
                        [
                            8.29629539708,
                            52.74780587082
                        ],
                        [
                            8.29631406100,
                            52.74781842235
                        ],
                        [
                            8.29632743996,
                            52.74783324099
                        ],
                        [
                            8.29633481270,
                            52.74784952785
                        ],
                        [
                            8.29633578175,
                            52.74786640490
                        ],
                        [
                            8.29633029487,
                            52.74788296230
                        ],
                        [
                            8.29631864786,
                            52.74789830744
                        ],
                        [
                            8.29630146861,
                            52.74791161305
                        ],
                        [
                            8.29627968326,
                            52.74792216183
                        ],
                        [
                            8.29625446627,
                            52.74792938510
                        ],
                        [
                            8.29622717708,
                            52.74793289344
                        ],
                        [
                            8.29619928687,
                            52.74793249772
                        ],
                        [
                            8.29617229920,
                            52.74792821928
                        ],
                        [
                            8.29614766898,
                            52.74792028877
                        ],
                        [
                            8.29612672405,
                            52.74790913372
                        ],
                        [
                            8.29611059354,
                            52.74789535550
                        ],
                        [
                            8.29610014705,
                            52.74787969689
                        ],
                        [
                            8.29609594776,
                            52.74786300205
                        ],
                        [
                            8.29609822205,
                            52.74784617102
                        ],
                        [
                            8.29610684732,
                            52.74783011114
                        ],
                        [
                            8.29612135857,
                            52.74781568822
                        ],
                        [
                            8.29614097350,
                            52.74780367980
                        ],
                        [
                            8.29616463466,
                            52.74779473326
                        ],
                        [
                            8.29619106647,
                            52.74778933091
                        ],
                        [
                            8.29621884400,
                            52.74778776400
                        ],
                        [
                            8.29624646973,
                            52.74779011699
                        ],
                        [
                            8.29627245437,
                            52.74779626304
                        ]
                    ]
                ]
            }
        },
        {
            "type": "Feature",
            "properties": {
                "operator": "Bügler, D.",
                "game_nail": "yes",
                "building": "game-stall"
            },
            "geometry": {
                "type": "Polygon",
                "coordinates": [
                    [
                        [
                            8.29584515484,
                            52.74728489114
                        ],
                        [
                            8.29578553758,
                            52.74727983047
                        ],
                        [
                            8.29578005768,
                            52.74730348553
                        ],
                        [
                            8.29583967494,
                            52.74730854619
                        ],
                        [
                            8.29584515484,
                            52.74728489114
                        ]
                    ]
                ]
            }
        },
        {
            "type": "Feature",
            "properties": {
                "building": "food-stall",
                "item_chinese": "yes"
            },
            "geometry": {
                "type": "Polygon",
                "coordinates": [
                    [
                        [
                            8.29549237102,
                            52.74707230391
                        ],
                        [
                            8.29543267089,
                            52.74711224650
                        ],
                        [
                            8.29547095122,
                            52.74713321200
                        ],
                        [
                            8.29553065134,
                            52.74709326942
                        ],
                        [
                            8.29549237102,
                            52.74707230391
                        ]
                    ]
                ]
            }
        },
        {
            "type": "Feature",
            "properties": {
                "type": "swing_ride",
                "building": "ride",
                "name": "Kinder-Kettenflieger"
            },
            "geometry": {
                "type": "Polygon",
                "coordinates": [
                    [
                        [
                            8.29444597016,
                            52.74748871294
                        ],
                        [
                            8.29445522666,
                            52.74747688992
                        ],
                        [
                            8.29446961089,
                            52.74746712442
                        ],
                        [
                            8.29448795751,
                            52.74746020759
                        ],
                        [
                            8.29450878021,
                            52.74745669979
                        ],
                        [
                            8.29453039203,
                            52.74745688521
                        ],
                        [
                            8.29455104214,
                            52.74746074881
                        ],
                        [
                            8.29456905756,
                            52.74746797760
                        ],
                        [
                            8.29458297881,
                            52.74747798594
                        ],
                        [
                            8.29459167807,
                            52.74748996301
                        ],
                        [
                            8.29459445057,
                            52.74750293850
                        ],
                        [
                            8.29459107170,
                            52.74751586122
                        ],
                        [
                            8.29458181520,
                            52.74752768423
                        ],
                        [
                            8.29456743097,
                            52.74753744971
                        ],
                        [
                            8.29454908434,
                            52.74754436653
                        ],
                        [
                            8.29452826165,
                            52.74754787432
                        ],
                        [
                            8.29450664982,
                            52.74754768891
                        ],
                        [
                            8.29448599972,
                            52.74754382531
                        ],
                        [
                            8.29446798429,
                            52.74753659653
                        ],
                        [
                            8.29445406304,
                            52.74752658821
                        ],
                        [
                            8.29444536379,
                            52.74751461115
                        ],
                        [
                            8.29444259129,
                            52.74750163566
                        ],
                        [
                            8.29444597016,
                            52.74748871294
                        ]
                    ]
                ]
            }
        },
        {
            "type": "Feature",
            "properties": {
                "operator": "Banane",
                "alias": "Banane",
                "building": "bar",
                "website": "https://www.instagram.com/bananevechta/",
                "item_longdrinks": "yes",
                "item_shots": "yes",
                "item_softdrinks": "yes",
                "isTent": "yes",
                "item_beer": "yes",
                "name": "Affentheater",
                "slug": "banane"
            },
            "geometry": {
                "type": "Polygon",
                "coordinates": [
                    [
                        [
                            8.29406437224,
                            52.74821530294
                        ],
                        [
                            8.29436095992,
                            52.74819874433
                        ],
                        [
                            8.29432693746,
                            52.74797545667
                        ],
                        [
                            8.29403034978,
                            52.74799201535
                        ],
                        [
                            8.29406437224,
                            52.74821530294
                        ]
                    ]
                ]
            }
        },
        {
            "type": "Feature",
            "properties": {
                "type": "ferris_wheel",
                "priority": "60",
                "slug": "wilhelms-riesenrad",
                "operator": "Wilhelm & Söhne Bgr",
                "name": "Wilhelm's Riesenrad",
                "building": "ride",
                "website": "http://www.riesenrad-hannover.de/"
            },
            "geometry": {
                "type": "Polygon",
                "coordinates": [
                    [
                        [
                            8.29593568906,
                            52.74885176340
                        ],
                        [
                            8.29600738927,
                            52.74866783685
                        ],
                        [
                            8.29565924442,
                            52.74861901401
                        ],
                        [
                            8.29558902597,
                            52.74880338922
                        ],
                        [
                            8.29593568906,
                            52.74885176340
                        ]
                    ]
                ]
            }
        },
        {
            "type": "Feature",
            "properties": {
                "game_shooting": "yes",
                "building": "game-stall"
            },
            "geometry": {
                "type": "Polygon",
                "coordinates": [
                    [
                        [
                            8.29450300558,
                            52.74844136323
                        ],
                        [
                            8.29432078231,
                            52.74843409176
                        ],
                        [
                            8.29432393318,
                            52.74846638742
                        ],
                        [
                            8.29449935193,
                            52.74847365889
                        ],
                        [
                            8.29450300558,
                            52.74844136323
                        ]
                    ]
                ]
            }
        },
        {
            "type": "Feature",
            "properties": {
                "building": "restroom"
            },
            "geometry": {
                "type": "Polygon",
                "coordinates": [
                    [
                        [
                            8.29531408779,
                            52.74807934377
                        ],
                        [
                            8.29540193014,
                            52.74808583816
                        ],
                        [
                            8.29540664006,
                            52.74806249549
                        ],
                        [
                            8.29531879771,
                            52.74805600111
                        ],
                        [
                            8.29531408779,
                            52.74807934377
                        ]
                    ]
                ]
            }
        },
        {
            "type": "Feature",
            "properties": {
                "building": "food-stall",
                "item_chinese": "yes"
            },
            "geometry": {
                "type": "Polygon",
                "coordinates": [
                    [
                        [
                            8.29647606009,
                            52.74803346623
                        ],
                        [
                            8.29653078612,
                            52.74802937191
                        ],
                        [
                            8.29652690373,
                            52.74801035755
                        ],
                        [
                            8.29647217771,
                            52.74801445187
                        ],
                        [
                            8.29647606009,
                            52.74803346623
                        ]
                    ]
                ]
            }
        },
        {
            "type": "Feature",
            "properties": {
                "building": "seller-stall",
                "products": "seller_type_fruits"
            },
            "geometry": {
                "type": "Polygon",
                "coordinates": [
                    [
                        [
                            8.29241247166,
                            52.74839831227
                        ],
                        [
                            8.29234275220,
                            52.74835143828
                        ],
                        [
                            8.29230315185,
                            52.74837302001
                        ],
                        [
                            8.29237287131,
                            52.74841989398
                        ],
                        [
                            8.29241247166,
                            52.74839831227
                        ]
                    ]
                ]
            }
        },
        {
            "type": "Feature",
            "properties": {
                "building": "restroom"
            },
            "geometry": {
                "type": "Polygon",
                "coordinates": [
                    [
                        [
                            8.29798015012,
                            52.74788527529
                        ],
                        [
                            8.29794379410,
                            52.74788448142
                        ],
                        [
                            8.29793982422,
                            52.74795109739
                        ],
                        [
                            8.29797618024,
                            52.74795189126
                        ],
                        [
                            8.29798015012,
                            52.74788527529
                        ]
                    ]
                ]
            }
        },
        {
            "type": "Feature",
            "properties": {
                "building": "food-stall",
                "item_meat": "yes"
            },
            "geometry": {
                "type": "Polygon",
                "coordinates": [
                    [
                        [
                            8.29716172350,
                            52.74710537888
                        ],
                        [
                            8.29710575931,
                            52.74710089186
                        ],
                        [
                            8.29709087393,
                            52.74716892207
                        ],
                        [
                            8.29714683812,
                            52.74717340909
                        ],
                        [
                            8.29716172350,
                            52.74710537888
                        ]
                    ]
                ]
            }
        },
        {
            "type": "Feature",
            "properties": {
                "name": "Jumbo Flug",
                "website": "https://wegenerol.wixsite.com/jumbo-flug",
                "building": "ride",
                "forKids": "yes",
                "type": "junior_jets"
            },
            "geometry": {
                "type": "Polygon",
                "coordinates": [
                    [
                        [
                            8.29656198487,
                            52.74674350963
                        ],
                        [
                            8.29658879385,
                            52.74675771844
                        ],
                        [
                            8.29660457959,
                            52.74677705604
                        ],
                        [
                            8.29660693886,
                            52.74679857847
                        ],
                        [
                            8.29659551248,
                            52.74681900912
                        ],
                        [
                            8.29657204001,
                            52.74683523762
                        ],
                        [
                            8.29654009492,
                            52.74684479333
                        ],
                        [
                            8.29650454056,
                            52.74684622148
                        ],
                        [
                            8.29647078976,
                            52.74683930466
                        ],
                        [
                            8.29644398078,
                            52.74682509588
                        ],
                        [
                            8.29642819503,
                            52.74680575830
                        ],
                        [
                            8.29642583576,
                            52.74678423587
                        ],
                        [
                            8.29643726215,
                            52.74676380521
                        ],
                        [
                            8.29646073462,
                            52.74674757668
                        ],
                        [
                            8.29649267971,
                            52.74673802095
                        ],
                        [
                            8.29652823407,
                            52.74673659279
                        ],
                        [
                            8.29656198487,
                            52.74674350963
                        ]
                    ]
                ]
            }
        },
        {
            "type": "Feature",
            "properties": {
                "item_churros": "yes",
                "building": "candy-stall"
            },
            "geometry": {
                "type": "Polygon",
                "coordinates": [
                    [
                        [
                            8.29705647548,
                            52.74693892917
                        ],
                        [
                            8.29710320444,
                            52.74694276809
                        ],
                        [
                            8.29711302870,
                            52.74689894818
                        ],
                        [
                            8.29706629974,
                            52.74689510926
                        ],
                        [
                            8.29705647548,
                            52.74693892917
                        ]
                    ]
                ]
            }
        },
        {
            "type": "Feature",
            "properties": {
                "name": "Löwenbrezel",
                "building": "food-stall",
                "item_pretzel": "yes"
            },
            "geometry": {
                "type": "Polygon",
                "coordinates": [
                    [
                        [
                            8.29594431703,
                            52.74769758924
                        ],
                        [
                            8.29592757948,
                            52.74775872862
                        ],
                        [
                            8.29598599311,
                            52.74776458815
                        ],
                        [
                            8.29600273066,
                            52.74770344878
                        ],
                        [
                            8.29594431703,
                            52.74769758924
                        ]
                    ]
                ]
            }
        },
        {
            "type": "Feature",
            "properties": {
                "building": "bar",
                "name": "Kombinat",
                "item_shots": "yes",
                "isTent": "yes",
                "item_softdrinks": "yes",
                "item_beer": "yes",
                "slug": "Kombinat"
            },
            "geometry": {
                "type": "Polygon",
                "coordinates": [
                    [
                        [
                            8.29692944750,
                            52.74749525140
                        ],
                        [
                            8.29696056382,
                            52.74735943656
                        ],
                        [
                            8.29659310119,
                            52.74732858771
                        ],
                        [
                            8.29656198487,
                            52.74746440264
                        ],
                        [
                            8.29692944750,
                            52.74749525140
                        ]
                    ]
                ]
            }
        },
        {
            "type": "Feature",
            "properties": {
                "building": "exhibition"
            },
            "geometry": {
                "type": "Polygon",
                "coordinates": [
                    [
                        [
                            8.29760172492,
                            52.74854508449
                        ],
                        [
                            8.29750808599,
                            52.74854077181
                        ],
                        [
                            8.29750135974,
                            52.74859428279
                        ],
                        [
                            8.29759224188,
                            52.74859846850
                        ],
                        [
                            8.29759499867,
                            52.74859859547
                        ],
                        [
                            8.29760172492,
                            52.74854508449
                        ]
                    ]
                ]
            }
        },
        {
            "type": "Feature",
            "properties": {
                "building": "candy-stall",
                "item_deep_frying_dough": "yes"
            },
            "geometry": {
                "type": "Polygon",
                "coordinates": [
                    [
                        [
                            8.29800032012,
                            52.74656531368
                        ],
                        [
                            8.29782308302,
                            52.74658898036
                        ],
                        [
                            8.29783871703,
                            52.74663188340
                        ],
                        [
                            8.29801595413,
                            52.74660821673
                        ],
                        [
                            8.29800032012,
                            52.74656531368
                        ]
                    ]
                ]
            }
        },
        {
            "type": "Feature",
            "properties": {
                "building": "candy-stall",
                "item_waffle": "yes"
            },
            "geometry": {
                "type": "Polygon",
                "coordinates": [
                    [
                        [
                            8.29842679136,
                            52.74636925714
                        ],
                        [
                            8.29839058153,
                            52.74638184050
                        ],
                        [
                            8.29840629117,
                            52.74639840585
                        ],
                        [
                            8.29844250099,
                            52.74638582249
                        ],
                        [
                            8.29842679136,
                            52.74636925714
                        ]
                    ]
                ]
            }
        },
        {
            "type": "Feature",
            "properties": {
                "building": "food-stall",
                "operator": "Böker, R. jr.",
                "item_fries": "yes",
                "isBar": "no",
                "item_currywurst": "yes",
                "item_sausauge": "yes"
            },
            "geometry": {
                "type": "Polygon",
                "coordinates": [
                    [
                        [
                            8.29727578817,
                            52.74673385798
                        ],
                        [
                            8.29742372361,
                            52.74674419080
                        ],
                        [
                            8.29744368828,
                            52.74663945055
                        ],
                        [
                            8.29729508230,
                            52.74665428428
                        ],
                        [
                            8.29727578817,
                            52.74673385798
                        ]
                    ]
                ]
            }
        },
        {
            "type": "Feature",
            "properties": {
                "building": "restroom"
            },
            "geometry": {
                "type": "Polygon",
                "coordinates": [
                    [
                        [
                            8.29529799454,
                            52.74684336336
                        ],
                        [
                            8.29526135872,
                            52.74684829159
                        ],
                        [
                            8.29528726570,
                            52.74691886268
                        ],
                        [
                            8.29532390152,
                            52.74691393445
                        ],
                        [
                            8.29529799454,
                            52.74684336336
                        ]
                    ]
                ]
            }
        },
        {
            "type": "Feature",
            "properties": {
                "building": "exhibition"
            },
            "geometry": {
                "type": "Polygon",
                "coordinates": [
                    [
                        [
                            8.29767753315,
                            52.74873056684
                        ],
                        [
                            8.29773959760,
                            52.74872910919
                        ],
                        [
                            8.29773817732,
                            52.74870695161
                        ],
                        [
                            8.29767611288,
                            52.74870840925
                        ],
                        [
                            8.29767753315,
                            52.74873056684
                        ]
                    ]
                ]
            }
        },
        {
            "type": "Feature",
            "properties": {
                "name": "Schirmbar",
                "building": "bar",
                "isTent": "yes",
                "item_softdrinks": "yes",
                "slug": "schirm-bar",
                "item_beer": "yes"
            },
            "geometry": {
                "type": "Polygon",
                "coordinates": [
                    [
                        [
                            8.29649069424,
                            52.74776036275
                        ],
                        [
                            8.29671673370,
                            52.74777909014
                        ],
                        [
                            8.29668650922,
                            52.74790773351
                        ],
                        [
                            8.29645122167,
                            52.74793083478
                        ],
                        [
                            8.29649069424,
                            52.74776036275
                        ]
                    ]
                ]
            }
        },
        {
            "type": "Feature",
            "properties": {
                "operator": "Friedrich",
                "game_shooting": "yes",
                "building": "game-stall"
            },
            "geometry": {
                "type": "Polygon",
                "coordinates": [
                    [
                        [
                            8.29693172780,
                            52.74754183970
                        ],
                        [
                            8.29697400103,
                            52.74754484233
                        ],
                        [
                            8.29698999092,
                            52.74746235435
                        ],
                        [
                            8.29694771769,
                            52.74745935171
                        ],
                        [
                            8.29693172780,
                            52.74754183970
                        ]
                    ]
                ]
            }
        },
        {
            "type": "Feature",
            "properties": {
                "name": "Top In",
                "type": "bumper_cars",
                "building": "ride",
                "slug": "autoscooter-top-in"
            },
            "geometry": {
                "type": "Polygon",
                "coordinates": [
                    [
                        [
                            8.29610466823,
                            52.74774366430
                        ],
                        [
                            8.29637810207,
                            52.74776680100
                        ],
                        [
                            8.29644530877,
                            52.74747576798
                        ],
                        [
                            8.29617187493,
                            52.74745263112
                        ],
                        [
                            8.29610466823,
                            52.74774366430
                        ]
                    ]
                ]
            }
        },
        {
            "type": "Feature",
            "properties": {
                "building": "exhibition"
            },
            "geometry": {
                "type": "Polygon",
                "coordinates": [
                    [
                        [
                            8.29690550871,
                            52.74867123961
                        ],
                        [
                            8.29686436546,
                            52.74874789993
                        ],
                        [
                            8.29706306973,
                            52.74878697438
                        ],
                        [
                            8.29710421297,
                            52.74871031413
                        ],
                        [
                            8.29690550871,
                            52.74867123961
                        ]
                    ]
                ]
            }
        },
        {
            "type": "Feature",
            "properties": {
                "name": "Holland Haus",
                "building": "food-stall"
            },
            "geometry": {
                "type": "Polygon",
                "coordinates": [
                    [
                        [
                            8.29483869351,
                            52.74856787577
                        ],
                        [
                            8.29474997092,
                            52.74856376401
                        ],
                        [
                            8.29474642295,
                            52.74859181498
                        ],
                        [
                            8.29483514555,
                            52.74859592674
                        ],
                        [
                            8.29483869351,
                            52.74856787577
                        ]
                    ]
                ]
            }
        },
        {
            "type": "Feature",
            "properties": {
                "products": "seller_type_cloth",
                "building": "seller-stall"
            },
            "geometry": {
                "type": "Polygon",
                "coordinates": [
                    [
                        [
                            8.29273810817,
                            52.74778944423
                        ],
                        [
                            8.29276179050,
                            52.74786726544
                        ],
                        [
                            8.29282057446,
                            52.74786071061
                        ],
                        [
                            8.29279689213,
                            52.74778288939
                        ],
                        [
                            8.29273810817,
                            52.74778944423
                        ]
                    ]
                ]
            }
        },
        {
            "type": "Feature",
            "properties": {
                "building": "food-stall",
                "item_pretzel": "yes"
            },
            "geometry": {
                "type": "Polygon",
                "coordinates": [
                    [
                        [
                            8.29081574924,
                            52.74823453548
                        ],
                        [
                            8.29081325849,
                            52.74821321231
                        ],
                        [
                            8.29072873140,
                            52.74821683010
                        ],
                        [
                            8.29073122215,
                            52.74823815327
                        ],
                        [
                            8.29081574924,
                            52.74823453548
                        ]
                    ]
                ]
            }
        },
        {
            "type": "Feature",
            "properties": {
                "name": "Fala am Dom",
                "slug": "fala-treff",
                "building": "bar",
                "item_shots": "yes",
                "isTent": "yes",
                "item_softdrinks": "yes",
                "item_beer": "yes"
            },
            "geometry": {
                "type": "Polygon",
                "coordinates": [
                    [
                        [
                            8.29294074895,
                            52.74785130480
                        ],
                        [
                            8.29308290603,
                            52.74783669234
                        ],
                        [
                            8.29303685951,
                            52.74765957129
                        ],
                        [
                            8.29289470243,
                            52.74767418380
                        ],
                        [
                            8.29294074895,
                            52.74785130480
                        ]
                    ]
                ]
            }
        },
        {
            "type": "Feature",
            "properties": {
                "building": "restroom"
            },
            "geometry": {
                "type": "Polygon",
                "coordinates": [
                    [
                        [
                            8.29315960340,
                            52.74763934688
                        ],
                        [
                            8.29317502610,
                            52.74773067502
                        ],
                        [
                            8.29321319150,
                            52.74772831343
                        ],
                        [
                            8.29319776880,
                            52.74763698529
                        ],
                        [
                            8.29315960340,
                            52.74763934688
                        ]
                    ]
                ]
            }
        },
        {
            "type": "Feature",
            "properties": {
                "slug": "stoppel-schaenke",
                "building": "bar",
                "item_shots": "yes",
                "name": "Stoppelschänke",
                "item_softdrinks": "yes",
                "isTent": "yes",
                "item_beer": "yes"
            },
            "geometry": {
                "type": "Polygon",
                "coordinates": [
                    [
                        [
                            8.29594274380,
                            52.74644537295
                        ],
                        [
                            8.29616013489,
                            52.74641812642
                        ],
                        [
                            8.29611512485,
                            52.74628652988
                        ],
                        [
                            8.29589773377,
                            52.74631377650
                        ],
                        [
                            8.29594274380,
                            52.74644537295
                        ]
                    ]
                ]
            }
        },
        {
            "type": "Feature",
            "properties": {
                "operator": "Osthold, U. jr.",
                "game_machines": "yes",
                "building": "game-stall"
            },
            "geometry": {
                "type": "Polygon",
                "coordinates": [
                    [
                        [
                            8.29598537799,
                            52.74832252234
                        ],
                        [
                            8.29605447148,
                            52.74832781645
                        ],
                        [
                            8.29607391606,
                            52.74823483221
                        ],
                        [
                            8.29600482258,
                            52.74822953809
                        ],
                        [
                            8.29598537799,
                            52.74832252234
                        ]
                    ]
                ]
            }
        },
        {
            "type": "Feature",
            "properties": {
                "item_churros": "yes",
                "building": "candy-stall"
            },
            "geometry": {
                "type": "Polygon",
                "coordinates": [
                    [
                        [
                            8.29575350708,
                            52.74746333570
                        ],
                        [
                            8.29574208839,
                            52.74751368823
                        ],
                        [
                            8.29578252248,
                            52.74751704812
                        ],
                        [
                            8.29579394117,
                            52.74746669560
                        ],
                        [
                            8.29575350708,
                            52.74746333570
                        ]
                    ]
                ]
            }
        },
        {
            "type": "Feature",
            "properties": {
                "building": "candy-stall",
                "item_gingerbread": "yes"
            },
            "geometry": {
                "type": "Polygon",
                "coordinates": [
                    [
                        [
                            8.29083632971,
                            52.74814914461
                        ],
                        [
                            8.29098900667,
                            52.74813909914
                        ],
                        [
                            8.29098469590,
                            52.74811509267
                        ],
                        [
                            8.29083201894,
                            52.74812513815
                        ],
                        [
                            8.29083632971,
                            52.74814914461
                        ]
                    ]
                ]
            }
        },
        {
            "type": "Feature",
            "properties": {
                "building": "food-stall",
                "item_chinese": "yes"
            },
            "geometry": {
                "type": "Polygon",
                "coordinates": [
                    [
                        [
                            8.29595954209,
                            52.74672599988
                        ],
                        [
                            8.29606575120,
                            52.74671566763
                        ],
                        [
                            8.29605782160,
                            52.74668579894
                        ],
                        [
                            8.29595161249,
                            52.74669613119
                        ],
                        [
                            8.29595954209,
                            52.74672599988
                        ]
                    ]
                ]
            }
        },
        {
            "type": "Feature",
            "properties": {
                "building": "food-stall",
                "item_pasta": "yes"
            },
            "geometry": {
                "type": "Polygon",
                "coordinates": [
                    [
                        [
                            8.29284843649,
                            52.74796274367
                        ],
                        [
                            8.29274763317,
                            52.74797073682
                        ],
                        [
                            8.29275337498,
                            52.74799726937
                        ],
                        [
                            8.29285417830,
                            52.74798927623
                        ],
                        [
                            8.29284843649,
                            52.74796274367
                        ]
                    ]
                ]
            }
        },
        {
            "type": "Feature",
            "properties": {
                "building": "seller-stall",
                "products": "seller_type_leather"
            },
            "geometry": {
                "type": "Polygon",
                "coordinates": [
                    [
                        [
                            8.29721187949,
                            52.74649340153
                        ],
                        [
                            8.29725631820,
                            52.74648974303
                        ],
                        [
                            8.29724019704,
                            52.74641798685
                        ],
                        [
                            8.29719575832,
                            52.74642164534
                        ],
                        [
                            8.29721187949,
                            52.74649340153
                        ]
                    ]
                ]
            }
        },
        {
            "type": "Feature",
            "properties": {
                "item_coconut": "yes",
                "building": "candy-stall"
            },
            "geometry": {
                "type": "Polygon",
                "coordinates": [
                    [
                        [
                            8.29807044455,
                            52.74656274628
                        ],
                        [
                            8.29802560896,
                            52.74656302837
                        ],
                        [
                            8.29802622644,
                            52.74659899073
                        ],
                        [
                            8.29807106202,
                            52.74659870864
                        ],
                        [
                            8.29807044455,
                            52.74656274628
                        ]
                    ]
                ]
            }
        },
        {
            "type": "Feature",
            "properties": {
                "building": "candy-stall",
                "item_crepe": "yes"
            },
            "geometry": {
                "type": "Polygon",
                "coordinates": [
                    [
                        [
                            8.29542405836,
                            52.74811059800
                        ],
                        [
                            8.29546366786,
                            52.74811405406
                        ],
                        [
                            8.29547439670,
                            52.74806899927
                        ],
                        [
                            8.29543478720,
                            52.74806554320
                        ],
                        [
                            8.29542405836,
                            52.74811059800
                        ]
                    ]
                ]
            }
        },
        {
            "type": "Feature",
            "properties": {
                "building": "restroom"
            },
            "geometry": {
                "type": "Polygon",
                "coordinates": [
                    [
                        [
                            8.29149473956,
                            52.74793906596
                        ],
                        [
                            8.29159521518,
                            52.74797768193
                        ],
                        [
                            8.29161423082,
                            52.74795955274
                        ],
                        [
                            8.29151375521,
                            52.74792093677
                        ],
                        [
                            8.29149473956,
                            52.74793906596
                        ]
                    ]
                ]
            }
        },
        {
            "type": "Feature",
            "properties": {
                "item_hotdog": "yes",
                "building": "food-stall"
            },
            "geometry": {
                "type": "Polygon",
                "coordinates": [
                    [
                        [
                            8.29585230249,
                            52.74692044355
                        ],
                        [
                            8.29584831536,
                            52.74694554451
                        ],
                        [
                            8.29589294197,
                            52.74694814202
                        ],
                        [
                            8.29589692910,
                            52.74692304106
                        ],
                        [
                            8.29585230249,
                            52.74692044355
                        ]
                    ]
                ]
            }
        },
        {
            "type": "Feature",
            "properties": {
                "building": "restroom"
            },
            "geometry": {
                "type": "Polygon",
                "coordinates": [
                    [
                        [
                            8.29783328642,
                            52.74788150930
                        ],
                        [
                            8.29782735757,
                            52.74796622827
                        ],
                        [
                            8.29786590412,
                            52.74796721671
                        ],
                        [
                            8.29787183297,
                            52.74788249774
                        ],
                        [
                            8.29783328642,
                            52.74788150930
                        ]
                    ]
                ]
            }
        },
        {
            "type": "Feature",
            "properties": {
                "website": "https://die-verrueckte-farm.de/",
                "slug": "die-verrueckte-farm",
                "name": "Die verrückte Farm",
                "type": "fun_house",
                "operator": "Walter Adriano Hortz",
                "building": "ride"
            },
            "geometry": {
                "type": "Polygon",
                "coordinates": [
                    [
                        [
                            8.29631231264,
                            52.74853684654
                        ],
                        [
                            8.29646718268,
                            52.74855075131
                        ],
                        [
                            8.29651251971,
                            52.74836573100
                        ],
                        [
                            8.29635764967,
                            52.74835182618
                        ],
                        [
                            8.29631231264,
                            52.74853684654
                        ]
                    ]
                ]
            }
        },
        {
            "type": "Feature",
            "properties": {
                "building": "food-stall",
                "item_fries": "yes",
                "item_currywurst": "yes",
                "item_sausauge": "yes"
            },
            "geometry": {
                "type": "Polygon",
                "coordinates": [
                    [
                        [
                            8.29597180460,
                            52.74656513573
                        ],
                        [
                            8.29591197436,
                            52.74656551025
                        ],
                        [
                            8.29591337384,
                            52.74664743409
                        ],
                        [
                            8.29597320408,
                            52.74664705957
                        ],
                        [
                            8.29597180460,
                            52.74656513573
                        ]
                    ]
                ]
            }
        },
        {
            "type": "Feature",
            "properties": {
                "operator": "Meyer. M.&S.",
                "game_lottery": "yes",
                "name": "Der Große Preis",
                "building": "game-stall"
            },
            "geometry": {
                "type": "Polygon",
                "coordinates": [
                    [
                        [
                            8.29628191115,
                            52.74810249364
                        ],
                        [
                            8.29622322345,
                            52.74809799682
                        ],
                        [
                            8.29619234248,
                            52.74824567033
                        ],
                        [
                            8.29625103018,
                            52.74825016714
                        ],
                        [
                            8.29628191115,
                            52.74810249364
                        ]
                    ]
                ]
            }
        },
        {
            "type": "Feature",
            "properties": {
                "operator": "Hempen, M.",
                "game_claw_crane": "yes",
                "building": "game-stall"
            },
            "geometry": {
                "type": "Polygon",
                "coordinates": [
                    [
                        [
                            8.29360146242,
                            52.74793543756
                        ],
                        [
                            8.29377275130,
                            52.74792271600
                        ],
                        [
                            8.29376632646,
                            52.74788462739
                        ],
                        [
                            8.29359503758,
                            52.74789734897
                        ],
                        [
                            8.29360146242,
                            52.74793543756
                        ]
                    ]
                ]
            }
        },
        {
            "type": "Feature",
            "properties": {
                "building": "yes"
            },
            "geometry": {
                "type": "Polygon",
                "coordinates": [
                    [
                        [
                            8.29799268143,
                            52.74724765528
                        ],
                        [
                            8.29795680991,
                            52.74724588598
                        ],
                        [
                            8.29794562828,
                            52.74732895511
                        ],
                        [
                            8.29798149979,
                            52.74733072441
                        ],
                        [
                            8.29799268143,
                            52.74724765528
                        ]
                    ]
                ]
            }
        },
        {
            "type": "Feature",
            "properties": {
                "game_duck_pond": "yes",
                "building": "game-stall"
            },
            "geometry": {
                "type": "Polygon",
                "coordinates": [
                    [
                        [
                            8.29494213333,
                            52.74820777388
                        ],
                        [
                            8.29494432706,
                            52.74815554293
                        ],
                        [
                            8.29490643848,
                            52.74815495985
                        ],
                        [
                            8.29490424476,
                            52.74820719079
                        ],
                        [
                            8.29494213333,
                            52.74820777388
                        ]
                    ]
                ]
            }
        },
        {
            "type": "Feature",
            "properties": {
                "building": "food-stall",
                "item_pizza": "yes"
            },
            "geometry": {
                "type": "Polygon",
                "coordinates": [
                    [
                        [
                            8.29625088901,
                            52.74715360069
                        ],
                        [
                            8.29623845789,
                            52.74723327682
                        ],
                        [
                            8.29630665543,
                            52.74723717569
                        ],
                        [
                            8.29631908655,
                            52.74715749957
                        ],
                        [
                            8.29625088901,
                            52.74715360069
                        ]
                    ]
                ]
            }
        },
        {
            "type": "Feature",
            "properties": {
                "building": "food-stall",
                "item_chinese": "yes"
            },
            "geometry": {
                "type": "Polygon",
                "coordinates": [
                    [
                        [
                            8.29468284285,
                            52.74856319220
                        ],
                        [
                            8.29468116107,
                            52.74858968842
                        ],
                        [
                            8.29473994495,
                            52.74859105553
                        ],
                        [
                            8.29474162673,
                            52.74856455932
                        ],
                        [
                            8.29468284285,
                            52.74856319220
                        ]
                    ]
                ]
            }
        },
        {
            "type": "Feature",
            "properties": {
                "building": "food-stall",
                "item_cucumbers": "yes"
            },
            "geometry": {
                "type": "Polygon",
                "coordinates": [
                    [
                        [
                            8.29118411029,
                            52.74809421235
                        ],
                        [
                            8.29114423167,
                            52.74809591917
                        ],
                        [
                            8.29114754817,
                            52.74812431158
                        ],
                        [
                            8.29118742679,
                            52.74812260476
                        ],
                        [
                            8.29118411029,
                            52.74809421235
                        ]
                    ]
                ]
            }
        },
        {
            "type": "Feature",
            "properties": {
                "building": "exhibition"
            },
            "geometry": {
                "type": "Polygon",
                "coordinates": [
                    [
                        [
                            8.29752386513,
                            52.74872468550
                        ],
                        [
                            8.29758826566,
                            52.74872719794
                        ],
                        [
                            8.29759052111,
                            52.74870601499
                        ],
                        [
                            8.29752612059,
                            52.74870350255
                        ],
                        [
                            8.29752386513,
                            52.74872468550
                        ]
                    ]
                ]
            }
        },
        {
            "type": "Feature",
            "properties": {
                "building": "food-stall",
                "item_fries": "yes",
                "item_currywurst": "yes",
                "item_sausauge": "yes"
            },
            "geometry": {
                "type": "Polygon",
                "coordinates": [
                    [
                        [
                            8.29595100736,
                            52.74848868064
                        ],
                        [
                            8.29591604936,
                            52.74858098453
                        ],
                        [
                            8.29615597030,
                            52.74861427776
                        ],
                        [
                            8.29619092829,
                            52.74852197394
                        ],
                        [
                            8.29595100736,
                            52.74848868064
                        ]
                    ]
                ]
            }
        },
        {
            "type": "Feature",
            "properties": {
                "operator": "Klünder",
                "type": "log_flume",
                "building": "ride",
                "slug": "big-splash",
                "name": "Big Splash"
            },
            "geometry": {
                "type": "Polygon",
                "coordinates": [
                    [
                        [
                            8.29274196927,
                            52.74799567459
                        ],
                        [
                            8.29266885987,
                            52.74760119542
                        ],
                        [
                            8.29236714361,
                            52.74762168469
                        ],
                        [
                            8.29244025301,
                            52.74801616367
                        ],
                        [
                            8.29274196927,
                            52.74799567459
                        ]
                    ]
                ]
            }
        },
        {
            "type": "Feature",
            "properties": {
                "building": "food-stall",
                "item_mushrooms": "yes"
            },
            "geometry": {
                "type": "Polygon",
                "coordinates": [
                    [
                        [
                            8.29571772455,
                            52.74762821215
                        ],
                        [
                            8.29575552903,
                            52.74763123040
                        ],
                        [
                            8.29576419145,
                            52.74759147396
                        ],
                        [
                            8.29572638697,
                            52.74758845570
                        ],
                        [
                            8.29571772455,
                            52.74762821215
                        ]
                    ]
                ]
            }
        },
        {
            "type": "Feature",
            "properties": {
                "building": "food-stall",
                "item_potato_fritter": "yes"
            },
            "geometry": {
                "type": "Polygon",
                "coordinates": [
                    [
                        [
                            8.29518642993,
                            52.74716937425
                        ],
                        [
                            8.29515691131,
                            52.74715320741
                        ],
                        [
                            8.29510049163,
                            52.74719095513
                        ],
                        [
                            8.29513001026,
                            52.74720712196
                        ],
                        [
                            8.29518642993,
                            52.74716937425
                        ]
                    ]
                ]
            }
        },
        {
            "type": "Feature",
            "properties": {
                "name": "Heroes",
                "building": "ride",
                "operator": "M. Fick",
                "slug": "hereos"
            },
            "geometry": {
                "type": "Polygon",
                "coordinates": [
                    [
                        [
                            8.29618968746,
                            52.74653645333
                        ],
                        [
                            8.29623126115,
                            52.74653992497
                        ],
                        [
                            8.29626902786,
                            52.74655100348
                        ],
                        [
                            8.29629929074,
                            52.74656860447
                        ],
                        [
                            8.29631908744,
                            52.74659100499
                        ],
                        [
                            8.29632648012,
                            52.74661601231
                        ],
                        [
                            8.29632074514,
                            52.74664117856
                        ],
                        [
                            8.29630244387,
                            52.74666404028
                        ],
                        [
                            8.29627336777,
                            52.74668235962
                        ],
                        [
                            8.29623636301,
                            52.74669434335
                        ],
                        [
                            8.29619505188,
                            52.74669881844
                        ],
                        [
                            8.29615347819,
                            52.74669534683
                        ],
                        [
                            8.29611571148,
                            52.74668426834
                        ],
                        [
                            8.29608544860,
                            52.74666666740
                        ],
                        [
                            8.29606565190,
                            52.74664426693
                        ],
                        [
                            8.29605825922,
                            52.74661925961
                        ],
                        [
                            8.29606399420,
                            52.74659409335
                        ],
                        [
                            8.29608229547,
                            52.74657123159
                        ],
                        [
                            8.29611137157,
                            52.74655291221
                        ],
                        [
                            8.29614837633,
                            52.74654092843
                        ],
                        [
                            8.29618968746,
                            52.74653645333
                        ]
                    ]
                ]
            }
        },
        {
            "type": "Feature",
            "properties": {
                "name": "RASTAs Genuss Quartier",
                "operator": "N&M Food and Beverage GmbH",
                "slug": "rastas-genuss-quartier",
                "building": "bar",
                "item_shots": "yes",
                "isTent": "yes",
                "item_softdrinks": "yes",
                "item_beer": "yes"
            },
            "geometry": {
                "type": "Polygon",
                "coordinates": [
                    [
                        [
                            8.29756647080,
                            52.74764706026
                        ],
                        [
                            8.29793125123,
                            52.74766492000
                        ],
                        [
                            8.29796101702,
                            52.74744215117
                        ],
                        [
                            8.29759623659,
                            52.74742429135
                        ],
                        [
                            8.29759238757,
                            52.74745309769
                        ],
                        [
                            8.29756647080,
                            52.74764706026
                        ]
                    ]
                ]
            }
        },
        {
            "type": "Feature",
            "properties": {
                "operator": "Fischer",
                "slug": "the-aviator",
                "building": "ride",
                "name": "The Aviator",
                "website": "https://theaviator-fischer.de/"
            },
            "geometry": {
                "type": "Polygon",
                "coordinates": [
                    [
                        [
                            8.29292548194,
                            52.74839944538
                        ],
                        [
                            8.29324118806,
                            52.74841480179
                        ],
                        [
                            8.29326989537,
                            52.74819855415
                        ],
                        [
                            8.29295418926,
                            52.74818319767
                        ],
                        [
                            8.29292548194,
                            52.74839944538
                        ]
                    ]
                ]
            }
        },
        {
            "type": "Feature",
            "properties": {
                "building": "seller-stall"
            },
            "geometry": {
                "type": "Polygon",
                "coordinates": [
                    [
                        [
                            8.29386219631,
                            52.74757688014
                        ],
                        [
                            8.29370882504,
                            52.74758814380
                        ],
                        [
                            8.29371402041,
                            52.74761406544
                        ],
                        [
                            8.29386739169,
                            52.74760280179
                        ],
                        [
                            8.29386219631,
                            52.74757688014
                        ]
                    ]
                ]
            }
        },
        {
            "type": "Feature",
            "properties": {
                "slug": "chaos-pendel",
                "operator": "Otters GmbH",
                "building": "ride",
                "name": "Chaos Pendel"
            },
            "geometry": {
                "type": "Polygon",
                "coordinates": [
                    [
                        [
                            8.29470275066,
                            52.74796190311
                        ],
                        [
                            8.29444851776,
                            52.74796821417
                        ],
                        [
                            8.29445888292,
                            52.74812120928
                        ],
                        [
                            8.29471311581,
                            52.74811489824
                        ],
                        [
                            8.29470275066,
                            52.74796190311
                        ]
                    ]
                ]
            }
        },
        {
            "type": "Feature",
            "properties": {
                "building": "food-stall",
                "item_fries": "yes",
                "item_currywurst": "yes",
                "isBar": "yes",
                "item_sausauge": "yes"
            },
            "geometry": {
                "type": "Polygon",
                "coordinates": [
                    [
                        [
                            8.29105541163,
                            52.74819114952
                        ],
                        [
                            8.29105954192,
                            52.74822650872
                        ],
                        [
                            8.29120432792,
                            52.74822031183
                        ],
                        [
                            8.29120019763,
                            52.74818495263
                        ],
                        [
                            8.29105541163,
                            52.74819114952
                        ]
                    ]
                ]
            }
        },
        {
            "type": "Feature",
            "properties": {
                "products": "seller_type_cloth",
                "building": "seller-stall"
            },
            "geometry": {
                "type": "Polygon",
                "coordinates": [
                    [
                        [
                            8.29038209205,
                            52.74818703039
                        ],
                        [
                            8.29052860504,
                            52.74817698492
                        ],
                        [
                            8.29052356051,
                            52.74815002643
                        ],
                        [
                            8.29037704753,
                            52.74816007190
                        ],
                        [
                            8.29038209205,
                            52.74818703039
                        ]
                    ]
                ]
            }
        },
        {
            "type": "Feature",
            "properties": {
                "building": "food-stall",
                "item_fish": "yes"
            },
            "geometry": {
                "type": "Polygon",
                "coordinates": [
                    [
                        [
                            8.29782906665,
                            52.74650764126
                        ],
                        [
                            8.29798238654,
                            52.74648384354
                        ],
                        [
                            8.29796182922,
                            52.74643531105
                        ],
                        [
                            8.29780850934,
                            52.74645910878
                        ],
                        [
                            8.29782906665,
                            52.74650764126
                        ]
                    ]
                ]
            }
        },
        {
            "type": "Feature",
            "properties": {
                "building": "seller-stall"
            },
            "geometry": {
                "type": "Polygon",
                "coordinates": [
                    [
                        [
                            8.29798881892,
                            52.74695866001
                        ],
                        [
                            8.29802950272,
                            52.74696123730
                        ],
                        [
                            8.29804464156,
                            52.74687366928
                        ],
                        [
                            8.29800395776,
                            52.74687109199
                        ],
                        [
                            8.29798881892,
                            52.74695866001
                        ]
                    ]
                ]
            }
        },
        {
            "type": "Feature",
            "properties": {
                "building": "food-stall",
                "item_pasta": "yes"
            },
            "geometry": {
                "type": "Polygon",
                "coordinates": [
                    [
                        [
                            8.29731934238,
                            52.74776192071
                        ],
                        [
                            8.29733462010,
                            52.74778883649
                        ],
                        [
                            8.29741847663,
                            52.74777139572
                        ],
                        [
                            8.29740319890,
                            52.74774447993
                        ],
                        [
                            8.29731934238,
                            52.74776192071
                        ]
                    ]
                ]
            }
        },
        {
            "type": "Feature",
            "properties": {
                "item_ice_cream": "yes",
                "building": "candy-stall"
            },
            "geometry": {
                "type": "Polygon",
                "coordinates": [
                    [
                        [
                            8.29788998612,
                            52.74776461359
                        ],
                        [
                            8.29775221273,
                            52.74779326817
                        ],
                        [
                            8.29776899256,
                            52.74782283031
                        ],
                        [
                            8.29790676595,
                            52.74779417574
                        ],
                        [
                            8.29788998612,
                            52.74776461359
                        ]
                    ]
                ]
            }
        },
        {
            "type": "Feature",
            "properties": {
                "name": "Silbermine",
                "operator": "Kellner, L",
                "game_lottery": "yes",
                "building": "game-stall"
            },
            "geometry": {
                "type": "Polygon",
                "coordinates": [
                    [
                        [
                            8.29395093954,
                            52.74856621180
                        ],
                        [
                            8.29421144517,
                            52.74857781652
                        ],
                        [
                            8.29421646529,
                            52.74853652527
                        ],
                        [
                            8.29395595967,
                            52.74852492054
                        ],
                        [
                            8.29395093954,
                            52.74856621180
                        ]
                    ]
                ]
            }
        },
        {
            "type": "Feature",
            "properties": {
                "building": "restroom"
            },
            "geometry": {
                "type": "Polygon",
                "coordinates": [
                    [
                        [
                            8.29531006448,
                            52.74815889993
                        ],
                        [
                            8.29534971332,
                            52.74815963840
                        ],
                        [
                            8.29535239553,
                            52.74810687158
                        ],
                        [
                            8.29531274669,
                            52.74810613311
                        ],
                        [
                            8.29531006448,
                            52.74815889993
                        ]
                    ]
                ]
            }
        },
        {
            "type": "Feature",
            "properties": {
                "building": "food-stall",
                "item_gyros": "yes"
            },
            "geometry": {
                "type": "Polygon",
                "coordinates": [
                    [
                        [
                            8.29645079732,
                            52.74720001474
                        ],
                        [
                            8.29649384655,
                            52.74720345163
                        ],
                        [
                            8.29651278408,
                            52.74711653333
                        ],
                        [
                            8.29646973485,
                            52.74711309643
                        ],
                        [
                            8.29645079732,
                            52.74720001474
                        ]
                    ]
                ]
            }
        },
        {
            "type": "Feature",
            "properties": {
                "name": "Schinderhannes",
                "building": "food-stall",
                "item_shots": "yes",
                "item_longdrinks": "yes",
                "isTent": "yes",
                "item_softdrinks": "yes",
                "item_meat": "yes",
                "isBar": "yes",
                "item_beer": "yes"
            },
            "geometry": {
                "type": "Polygon",
                "coordinates": [
                    [
                        [
                            8.29458788826,
                            52.74759992055
                        ],
                        [
                            8.29430773962,
                            52.74760714861
                        ],
                        [
                            8.29432006758,
                            52.74778222872
                        ],
                        [
                            8.29460021622,
                            52.74777500068
                        ],
                        [
                            8.29458788826,
                            52.74759992055
                        ]
                    ]
                ]
            }
        },
        {
            "type": "Feature",
            "properties": {
                "name": "Schäfers Fetenscheune",
                "building": "bar",
                "item_shots": "yes",
                "isTent": "yes",
                "item_softdrinks": "yes",
                "item_beer": "yes",
                "slug": "schaefers-fetenscheune"
            },
            "geometry": {
                "type": "Polygon",
                "coordinates": [
                    [
                        [
                            8.29584717616,
                            52.74820151965
                        ],
                        [
                            8.29587105354,
                            52.74809086044
                        ],
                        [
                            8.29589009151,
                            52.74800262917
                        ],
                        [
                            8.29563788724,
                            52.74798268929
                        ],
                        [
                            8.29559497189,
                            52.74818157985
                        ],
                        [
                            8.29570561009,
                            52.74819032714
                        ],
                        [
                            8.29584717616,
                            52.74820151965
                        ]
                    ]
                ]
            }
        },
        {
            "type": "Feature",
            "properties": {
                "building": "bar",
                "item_shots": "yes",
                "name": "Stratmann's kleine Schänke",
                "item_softdrinks": "yes",
                "item_beer": "yes"
            },
            "geometry": {
                "type": "Polygon",
                "coordinates": [
                    [
                        [
                            8.29817362835,
                            52.74673672114
                        ],
                        [
                            8.29814473687,
                            52.74696259918
                        ],
                        [
                            8.29823562341,
                            52.74696720954
                        ],
                        [
                            8.29826451488,
                            52.74674133152
                        ],
                        [
                            8.29817362835,
                            52.74673672114
                        ]
                    ]
                ]
            }
        },
        {
            "type": "Feature",
            "properties": {
                "name": "Artmann",
                "building": "bar",
                "item_longdrinks": "yes",
                "item_shots": "yes",
                "item_softdrinks": "yes",
                "isTent": "yes",
                "operator": "H. Artmann",
                "item_beer": "yes"
            },
            "geometry": {
                "type": "Polygon",
                "coordinates": [
                    [
                        [
                            8.29487559677,
                            52.74748413071
                        ],
                        [
                            8.29498678022,
                            52.74754527173
                        ],
                        [
                            8.29513610037,
                            52.74744433043
                        ],
                        [
                            8.29502491692,
                            52.74738318928
                        ],
                        [
                            8.29487559677,
                            52.74748413071
                        ]
                    ]
                ]
            }
        },
        {
            "type": "Feature",
            "properties": {
                "building": "exhibition"
            },
            "geometry": {
                "type": "Polygon",
                "coordinates": [
                    [
                        [
                            8.29775504981,
                            52.74856412887
                        ],
                        [
                            8.29775256762,
                            52.74860970479
                        ],
                        [
                            8.29780980136,
                            52.74861084691
                        ],
                        [
                            8.29781228354,
                            52.74856527099
                        ],
                        [
                            8.29775504981,
                            52.74856412887
                        ]
                    ]
                ]
            }
        },
        {
            "type": "Feature",
            "properties": {
                "slug": "kuehlings-niedersachsenhalle",
                "priority": "90",
                "building": "bar",
                "item_shots": "yes",
                "item_longdrinks": "yes",
                "operator": "Otto Kühling GmbH",
                "isTent": "yes",
                "item_softdrinks": "yes",
                "name": "Kühling's Niedersachsenhalle",
                "item_beer": "yes"
            },
            "geometry": {
                "type": "Polygon",
                "coordinates": [
                    [
                        [
                            8.29672912412,
                            52.74799272519
                        ],
                        [
                            8.29672637736,
                            52.74801897170
                        ],
                        [
                            8.29672566347,
                            52.74802579319
                        ],
                        [
                            8.29669352805,
                            52.74833285990
                        ],
                        [
                            8.29668000207,
                            52.74846210538
                        ],
                        [
                            8.29675380008,
                            52.74846493522
                        ],
                        [
                            8.29673766956,
                            52.74864556980
                        ],
                        [
                            8.29688653216,
                            52.74865044052
                        ],
                        [
                            8.29690258815,
                            52.74847064062
                        ],
                        [
                            8.29727277026,
                            52.74848483554
                        ],
                        [
                            8.29728656139,
                            52.74835305651
                        ],
                        [
                            8.29732189231,
                            52.74801545558
                        ],
                        [
                            8.29733675228,
                            52.74789766047
                        ],
                        [
                            8.29715475306,
                            52.74792550813
                        ],
                        [
                            8.29672912412,
                            52.74799272519
                        ]
                    ]
                ]
            }
        },
        {
            "type": "Feature",
            "properties": {
                "slug": "bayern-tower",
                "type": "swing_ride",
                "operator": "Kaiser, A",
                "building": "ride",
                "website": "https://bayern-tower.de/",
                "name": "Bayern Tower"
            },
            "geometry": {
                "type": "Polygon",
                "coordinates": [
                    [
                        [
                            8.29373424975,
                            52.74767725481
                        ],
                        [
                            8.29377773917,
                            52.74792120179
                        ],
                        [
                            8.29408742085,
                            52.74790097257
                        ],
                        [
                            8.29404393142,
                            52.74765702547
                        ],
                        [
                            8.29373424975,
                            52.74767725481
                        ]
                    ]
                ]
            }
        },
        {
            "type": "Feature",
            "properties": {
                "building": "seller-stall"
            },
            "geometry": {
                "type": "Polygon",
                "coordinates": [
                    [
                        [
                            8.29411844966,
                            52.74748293653
                        ],
                        [
                            8.29411467753,
                            52.74750982959
                        ],
                        [
                            8.29423421691,
                            52.74751597342
                        ],
                        [
                            8.29423798903,
                            52.74748908036
                        ],
                        [
                            8.29411844966,
                            52.74748293653
                        ]
                    ]
                ]
            }
        },
        {
            "type": "Feature",
            "properties": {
                "building": "food-stall",
                "item_mushrooms": "yes"
            },
            "geometry": {
                "type": "Polygon",
                "coordinates": [
                    [
                        [
                            8.29594755009,
                            52.74848283267
                        ],
                        [
                            8.29598580696,
                            52.74848597751
                        ],
                        [
                            8.29599623831,
                            52.74843948164
                        ],
                        [
                            8.29595798143,
                            52.74843633679
                        ],
                        [
                            8.29594755009,
                            52.74848283267
                        ]
                    ]
                ]
            }
        },
        {
            "type": "Feature",
            "properties": {
                "game_shooting": "yes",
                "operator": "Fischer, W.",
                "building": "game-stall"
            },
            "geometry": {
                "type": "Polygon",
                "coordinates": [
                    [
                        [
                            8.29590819709,
                            52.74809801513
                        ],
                        [
                            8.29586744129,
                            52.74809479288
                        ],
                        [
                            8.29584047131,
                            52.74821978465
                        ],
                        [
                            8.29588122712,
                            52.74822300689
                        ],
                        [
                            8.29590819709,
                            52.74809801513
                        ]
                    ]
                ]
            }
        },
        {
            "type": "Feature",
            "properties": {
                "name": "Trumpf",
                "building": "food-stall",
                "item_fries": "yes",
                "operator": "Trumpf",
                "item_longdrinks": "yes",
                "item_shots": "yes",
                "item_softdrinks": "yes",
                "item_currywurst": "yes",
                "item_sausauge": "yes",
                "isBar": "yes",
                "item_beer": "yes"
            },
            "geometry": {
                "type": "Polygon",
                "coordinates": [
                    [
                        [
                            8.29693078861,
                            52.74779399615
                        ],
                        [
                            8.29671622330,
                            52.74777623117
                        ],
                        [
                            8.29668650922,
                            52.74790773351
                        ],
                        [
                            8.29691411851,
                            52.74787812349
                        ],
                        [
                            8.29693078861,
                            52.74779399615
                        ]
                    ]
                ]
            }
        },
        {
            "type": "Feature",
            "properties": {
                "building": "entrance",
                "entity": "entry",
                "slug": "eingang-ost",
                "priority": "50",
                "name": "Eingang Ost"
            },
            "geometry": {
                "type": "Polygon",
                "coordinates": [
                    [
                        [
                            8.29853340950,
                            52.74646139956
                        ],
                        [
                            8.29855352506,
                            52.74645368780
                        ],
                        [
                            8.29849094532,
                            52.74639387201
                        ],
                        [
                            8.29847082976,
                            52.74640158378
                        ],
                        [
                            8.29853340950,
                            52.74646139956
                        ]
                    ]
                ]
            }
        },
        {
            "type": "Feature",
            "properties": {
                "building": "candy-stall",
                "item_crepe": "yes"
            },
            "geometry": {
                "type": "Polygon",
                "coordinates": [
                    [
                        [
                            8.29389390378,
                            52.74803468414
                        ],
                        [
                            8.29388861975,
                            52.74800122255
                        ],
                        [
                            8.29378917078,
                            52.74800697683
                        ],
                        [
                            8.29379445481,
                            52.74804043841
                        ],
                        [
                            8.29389390378,
                            52.74803468414
                        ]
                    ]
                ]
            }
        },
        {
            "type": "Feature",
            "properties": {
                "name": "Stratmann's Erdbeertraum",
                "building": "bar",
                "item_punchbowle": "yes",
                "slug": "stratmanns-erdbeertraum"
            },
            "geometry": {
                "type": "Polygon",
                "coordinates": [
                    [
                        [
                            8.29668318414,
                            52.74879438031
                        ],
                        [
                            8.29666089523,
                            52.74883986412
                        ],
                        [
                            8.29680317046,
                            52.74886540978
                        ],
                        [
                            8.29682545937,
                            52.74881992599
                        ],
                        [
                            8.29668318414,
                            52.74879438031
                        ]
                    ]
                ]
            }
        },
        {
            "type": "Feature",
            "properties": {
                "building": "restroom"
            },
            "geometry": {
                "type": "Polygon",
                "coordinates": [
                    [
                        [
                            8.29425729744,
                            52.74778709541
                        ],
                        [
                            8.29429418229,
                            52.74778468508
                        ],
                        [
                            8.29428144179,
                            52.74771324629
                        ],
                        [
                            8.29424455695,
                            52.74771565663
                        ],
                        [
                            8.29425729744,
                            52.74778709541
                        ]
                    ]
                ]
            }
        },
        {
            "type": "Feature",
            "properties": {
                "building": "restroom"
            },
            "geometry": {
                "type": "Polygon",
                "coordinates": [
                    [
                        [
                            8.29587869279,
                            52.74756953147
                        ],
                        [
                            8.29597114589,
                            52.74757809433
                        ],
                        [
                            8.29597659342,
                            52.74755654254
                        ],
                        [
                            8.29588414032,
                            52.74754797968
                        ],
                        [
                            8.29587869279,
                            52.74756953147
                        ]
                    ]
                ]
            }
        },
        {
            "type": "Feature",
            "properties": {
                "building": "exhibition"
            },
            "geometry": {
                "type": "Polygon",
                "coordinates": [
                    [
                        [
                            8.29734819939,
                            52.74870514442
                        ],
                        [
                            8.29733917755,
                            52.74879115552
                        ],
                        [
                            8.29740011572,
                            52.74879349752
                        ],
                        [
                            8.29740913756,
                            52.74870748642
                        ],
                        [
                            8.29734819939,
                            52.74870514442
                        ]
                    ]
                ]
            }
        },
        {
            "type": "Feature",
            "properties": {
                "operator": "Keese KG",
                "game_flying_frogs": "yes",
                "building": "game-stall"
            },
            "geometry": {
                "type": "Polygon",
                "coordinates": [
                    [
                        [
                            8.29565124446,
                            52.74695927742
                        ],
                        [
                            8.29566591070,
                            52.74695619603
                        ],
                        [
                            8.29568142577,
                            52.74695586838
                        ],
                        [
                            8.29569641109,
                            52.74695832357
                        ],
                        [
                            8.29570953516,
                            52.74696334346
                        ],
                        [
                            8.29571963184,
                            52.74697048200
                        ],
                        [
                            8.29572580399,
                            52.74697910490
                        ],
                        [
                            8.29572750320,
                            52.74698844598
                        ],
                        [
                            8.29572457848,
                            52.74699767525
                        ],
                        [
                            8.29571728971,
                            52.74700597264
                        ],
                        [
                            8.29570628452,
                            52.74701260089
                        ],
                        [
                            8.29569254077,
                            52.74701697106
                        ],
                        [
                            8.29567727967,
                            52.74701869483
                        ],
                        [
                            8.29566185721,
                            52.74701761905
                        ],
                        [
                            8.29564764376,
                            52.74701383930
                        ],
                        [
                            8.29563590225,
                            52.74700769142
                        ],
                        [
                            8.29562767595,
                            52.74699972169
                        ],
                        [
                            8.29562369581,
                            52.74699063825
                        ],
                        [
                            8.29562431549,
                            52.74698124819
                        ],
                        [
                            8.29562947992,
                            52.74697238588
                        ],
                        [
                            8.29563873022,
                            52.74696483875
                        ],
                        [
                            8.29565124446,
                            52.74695927742
                        ]
                    ]
                ]
            }
        },
        {
            "type": "Feature",
            "properties": {
                "building": "restroom",
                "men": "yes"
            },
            "geometry": {
                "type": "Polygon",
                "coordinates": [
                    [
                        [
                            8.29642036868,
                            52.74710168281
                        ],
                        [
                            8.29634858543,
                            52.74709132862
                        ],
                        [
                            8.29632650418,
                            52.74714742320
                        ],
                        [
                            8.29639828743,
                            52.74715777738
                        ],
                        [
                            8.29642036868,
                            52.74710168281
                        ]
                    ]
                ]
            }
        },
        {
            "type": "Feature",
            "properties": {
                "operator": "Bossle, B.",
                "game_can_knockdown": "yes",
                "building": "game-stall"
            },
            "geometry": {
                "type": "Polygon",
                "coordinates": [
                    [
                        [
                            8.29502325548,
                            52.74723932067
                        ],
                        [
                            8.29505707517,
                            52.74725784308
                        ],
                        [
                            8.29512851723,
                            52.74721004466
                        ],
                        [
                            8.29509469755,
                            52.74719152222
                        ],
                        [
                            8.29502325548,
                            52.74723932067
                        ]
                    ]
                ]
            }
        },
        {
            "type": "Feature",
            "properties": {
                "building": "candy-stall",
                "item_crepe": "yes"
            },
            "geometry": {
                "type": "Polygon",
                "coordinates": [
                    [
                        [
                            8.29637227525,
                            52.74722088276
                        ],
                        [
                            8.29636947990,
                            52.74724312201
                        ],
                        [
                            8.29643675420,
                            52.74724622052
                        ],
                        [
                            8.29643954955,
                            52.74722398128
                        ],
                        [
                            8.29637227525,
                            52.74722088276
                        ]
                    ]
                ]
            }
        },
        {
            "type": "Feature",
            "properties": {
                "building": "restroom"
            },
            "geometry": {
                "type": "Polygon",
                "coordinates": [
                    [
                        [
                            8.29399249385,
                            52.74813669760
                        ],
                        [
                            8.29395350907,
                            52.74813940821
                        ],
                        [
                            8.29396701287,
                            52.74821057108
                        ],
                        [
                            8.29400599766,
                            52.74820786047
                        ],
                        [
                            8.29399249385,
                            52.74813669760
                        ]
                    ]
                ]
            }
        },
        {
            "type": "Feature",
            "properties": {
                "building": "restroom",
                "accessible": "yes"
            },
            "geometry": {
                "type": "Polygon",
                "coordinates": [
                    [
                        [
                            8.29657320941,
                            52.74843605445
                        ],
                        [
                            8.29654321007,
                            52.74843490997
                        ],
                        [
                            8.29654297996,
                            52.74843490119
                        ],
                        [
                            8.29654052787,
                            52.74845845192
                        ],
                        [
                            8.29657075732,
                            52.74845960518
                        ],
                        [
                            8.29657092954,
                            52.74845795115
                        ],
                        [
                            8.29657320941,
                            52.74843605445
                        ]
                    ]
                ]
            }
        },
        {
            "type": "Feature",
            "properties": {
                "item_ice_cream": "yes",
                "building": "candy-stall"
            },
            "geometry": {
                "type": "Polygon",
                "coordinates": [
                    [
                        [
                            8.29100939521,
                            52.74813594199
                        ],
                        [
                            8.29112698492,
                            52.74812790560
                        ],
                        [
                            8.29112079951,
                            52.74809474308
                        ],
                        [
                            8.29100320980,
                            52.74810277947
                        ],
                        [
                            8.29100939521,
                            52.74813594199
                        ]
                    ]
                ]
            }
        },
        {
            "type": "Feature",
            "properties": {
                "building": "restroom"
            },
            "geometry": {
                "type": "Polygon",
                "coordinates": [
                    [
                        [
                            8.29492718418,
                            52.74768265096
                        ],
                        [
                            8.29483552076,
                            52.74768233389
                        ],
                        [
                            8.29483531348,
                            52.74770429135
                        ],
                        [
                            8.29492697690,
                            52.74770460842
                        ],
                        [
                            8.29492718418,
                            52.74768265096
                        ]
                    ]
                ]
            }
        },
        {
            "type": "Feature",
            "properties": {
                "operator": "Weber, I",
                "building": "bar",
                "item_longdrinks": "yes",
                "item_softdrinks": "yes",
                "item_beer": "yes"
            },
            "geometry": {
                "type": "Polygon",
                "coordinates": [
                    [
                        [
                            8.29880843318,
                            52.74405327896
                        ],
                        [
                            8.29895303324,
                            52.74403089740
                        ],
                        [
                            8.29890876084,
                            52.74392607279
                        ],
                        [
                            8.29876416079,
                            52.74394845440
                        ],
                        [
                            8.29880843318,
                            52.74405327896
                        ]
                    ]
                ]
            }
        },
        {
            "type": "Feature",
            "properties": {
                "item_hotdog": "yes",
                "building": "food-stall"
            },
            "geometry": {
                "type": "Polygon",
                "coordinates": [
                    [
                        [
                            8.29172328165,
                            52.74807226794
                        ],
                        [
                            8.29183197837,
                            52.74806498366
                        ],
                        [
                            8.29182706302,
                            52.74803810822
                        ],
                        [
                            8.29171836630,
                            52.74804539251
                        ],
                        [
                            8.29172328165,
                            52.74807226794
                        ]
                    ]
                ]
            }
        },
        {
            "type": "Feature",
            "properties": {
                "building": "restroom"
            },
            "geometry": {
                "type": "Polygon",
                "coordinates": [
                    [
                        [
                            8.29617765109,
                            52.74643248347
                        ],
                        [
                            8.29626868828,
                            52.74642329867
                        ],
                        [
                            8.29626299845,
                            52.74640263287
                        ],
                        [
                            8.29617196126,
                            52.74641181767
                        ],
                        [
                            8.29617765109,
                            52.74643248347
                        ]
                    ]
                ]
            }
        },
        {
            "type": "Feature",
            "properties": {
                "building": "candy-stall",
                "item_bonbons": "yes"
            },
            "geometry": {
                "type": "Polygon",
                "coordinates": [
                    [
                        [
                            8.29402094489,
                            52.74756516347
                        ],
                        [
                            8.29387379076,
                            52.74757346233
                        ],
                        [
                            8.29387817956,
                            52.74760197784
                        ],
                        [
                            8.29402533369,
                            52.74759367899
                        ],
                        [
                            8.29402094489,
                            52.74756516347
                        ]
                    ]
                ]
            }
        },
        {
            "type": "Feature",
            "properties": {
                "operator": "v. Berg, M.",
                "name": "Play House",
                "building": "game-stall"
            },
            "geometry": {
                "type": "Polygon",
                "coordinates": [
                    [
                        [
                            8.29535200360,
                            52.74716886301
                        ],
                        [
                            8.29539353922,
                            52.74718932049
                        ],
                        [
                            8.29546555991,
                            52.74713573896
                        ],
                        [
                            8.29542402429,
                            52.74711528146
                        ],
                        [
                            8.29535200360,
                            52.74716886301
                        ]
                    ]
                ]
            }
        },
        {
            "type": "Feature",
            "properties": {
                "public_transport": "platform",
                "amenity": "platform",
                "building": "platform",
                "name": "Bahnhof",
                "slug": "bhf-vechta-stoppelmarkt",
                "wheelchair": "no",
                "priority": "50"
            },
            "geometry": {
                "type": "Polygon",
                "coordinates": [
                    [
                        [
                            8.29172596268,
                            52.74823561466
                        ],
                        [
                            8.29247505400,
                            52.74856457173
                        ],
                        [
                            8.29248495495,
                            52.74855182366
                        ],
                        [
                            8.29222276901,
                            52.74840526993
                        ],
                        [
                            8.29176954858,
                            52.74820030155
                        ],
                        [
                            8.29172596268,
                            52.74823561466
                        ]
                    ]
                ]
            }
        },
        {
            "type": "Feature",
            "properties": {
                "building": "food-stall",
                "item_cheese": "yes"
            },
            "geometry": {
                "type": "Polygon",
                "coordinates": [
                    [
                        [
                            8.29430903602,
                            52.74757543518
                        ],
                        [
                            8.29421317897,
                            52.74756758475
                        ],
                        [
                            8.29420730509,
                            52.74759386543
                        ],
                        [
                            8.29430316214,
                            52.74760171586
                        ],
                        [
                            8.29430903602,
                            52.74757543518
                        ]
                    ]
                ]
            }
        },
        {
            "type": "Feature",
            "properties": {
                "building": "candy-stall",
                "item_gingerbread": "yes"
            },
            "geometry": {
                "type": "Polygon",
                "coordinates": [
                    [
                        [
                            8.29225386888,
                            52.74803214043
                        ],
                        [
                            8.29243390834,
                            52.74801786432
                        ],
                        [
                            8.29242205463,
                            52.74796308906
                        ],
                        [
                            8.29224201517,
                            52.74797736519
                        ],
                        [
                            8.29225386888,
                            52.74803214043
                        ]
                    ]
                ]
            }
        },
        {
            "type": "Feature",
            "properties": {
                "building": "seller-stall"
            },
            "geometry": {
                "type": "Polygon",
                "coordinates": [
                    [
                        [
                            8.29813765240,
                            52.74707864471
                        ],
                        [
                            8.29812242804,
                            52.74719810899
                        ],
                        [
                            8.29818145658,
                            52.74720086545
                        ],
                        [
                            8.29819668094,
                            52.74708140118
                        ],
                        [
                            8.29813765240,
                            52.74707864471
                        ]
                    ]
                ]
            }
        },
        {
            "type": "Feature",
            "properties": {
                "building": "seller-stall"
            },
            "geometry": {
                "type": "Polygon",
                "coordinates": [
                    [
                        [
                            8.29806494070,
                            52.74758704016
                        ],
                        [
                            8.29810934842,
                            52.74758936754
                        ],
                        [
                            8.29812062572,
                            52.74751052187
                        ],
                        [
                            8.29807621800,
                            52.74750819448
                        ],
                        [
                            8.29806494070,
                            52.74758704016
                        ]
                    ]
                ]
            }
        },
        {
            "type": "Feature",
            "properties": {
                "building": "restroom"
            },
            "geometry": {
                "type": "Polygon",
                "coordinates": [
                    [
                        [
                            8.29631723396,
                            52.74743071212
                        ],
                        [
                            8.29622939162,
                            52.74742340582
                        ],
                        [
                            8.29622359170,
                            52.74744895712
                        ],
                        [
                            8.29631143404,
                            52.74745626341
                        ],
                        [
                            8.29631723396,
                            52.74743071212
                        ]
                    ]
                ]
            }
        },
        {
            "type": "Feature",
            "properties": {
                "alias": "Lohner Zelt",
                "name": "Stratmann's - Echt Stoppelmarkt!",
                "slug": "stratmanns-echt-stoppelmarkt",
                "building": "bar",
                "item_shots": "yes",
                "isTent": "yes",
                "item_softdrinks": "yes",
                "item_beer": "yes"
            },
            "geometry": {
                "type": "Polygon",
                "coordinates": [
                    [
                        [
                            8.29496460305,
                            52.74900939026
                        ],
                        [
                            8.29510809256,
                            52.74902152729
                        ],
                        [
                            8.29520590866,
                            52.74859781355
                        ],
                        [
                            8.29484602803,
                            52.74856737283
                        ],
                        [
                            8.29478924617,
                            52.74881333766
                        ],
                        [
                            8.29470865138,
                            52.74880652054
                        ],
                        [
                            8.29468846187,
                            52.74889397614
                        ],
                        [
                            8.29475954054,
                            52.74889998833
                        ],
                        [
                            8.29472869501,
                            52.74903360261
                        ],
                        [
                            8.29495460225,
                            52.74905271091
                        ],
                        [
                            8.29496460305,
                            52.74900939026
                        ]
                    ]
                ]
            }
        },
        {
            "type": "Feature",
            "properties": {
                "building": "food-stall",
                "name": "Paffenglück",
                "item_cream_tarts": "yes"
            },
            "geometry": {
                "type": "Polygon",
                "coordinates": [
                    [
                        [
                            8.29340314515,
                            52.74850148534
                        ],
                        [
                            8.29339862768,
                            52.74854230741
                        ],
                        [
                            8.29351647546,
                            52.74854708583
                        ],
                        [
                            8.29352099293,
                            52.74850626376
                        ],
                        [
                            8.29340314515,
                            52.74850148534
                        ]
                    ]
                ]
            }
        },
        {
            "type": "Feature",
            "properties": {
                "game_high_striker": "yes",
                "building": "game-stall"
            },
            "geometry": {
                "type": "Polygon",
                "coordinates": [
                    [
                        [
                            8.29270039730,
                            52.74808934333
                        ],
                        [
                            8.29263698933,
                            52.74809460192
                        ],
                        [
                            8.29264197640,
                            52.74811663578
                        ],
                        [
                            8.29270538437,
                            52.74811137719
                        ],
                        [
                            8.29270039730,
                            52.74808934333
                        ]
                    ]
                ]
            }
        },
        {
            "type": "Feature",
            "properties": {
                "building": "exhibition"
            },
            "geometry": {
                "type": "Polygon",
                "coordinates": [
                    [
                        [
                            8.29767500064,
                            52.74848851778
                        ],
                        [
                            8.29776105444,
                            52.74849144416
                        ],
                        [
                            8.29776452667,
                            52.74845403230
                        ],
                        [
                            8.29767847287,
                            52.74845110591
                        ],
                        [
                            8.29767500064,
                            52.74848851778
                        ]
                    ]
                ]
            }
        },
        {
            "type": "Feature",
            "properties": {
                "building": "food-stall",
                "item_fries": "yes",
                "name": "Winter",
                "item_shots": "yes",
                "item_longdrinks": "yes",
                "item_softdrinks": "yes",
                "item_currywurst": "yes",
                "item_sausauge": "yes",
                "item_beer": "yes"
            },
            "geometry": {
                "type": "Polygon",
                "coordinates": [
                    [
                        [
                            8.29477727410,
                            52.74835723430
                        ],
                        [
                            8.29455154458,
                            52.74835497478
                        ],
                        [
                            8.29451775637,
                            52.74843245828
                        ],
                        [
                            8.29467620187,
                            52.74843961321
                        ],
                        [
                            8.29467150315,
                            52.74848141458
                        ],
                        [
                            8.29479240633,
                            52.74848639413
                        ],
                        [
                            8.29479942475,
                            52.74842395597
                        ],
                        [
                            8.29477512656,
                            52.74842295522
                        ],
                        [
                            8.29477727410,
                            52.74835723430
                        ]
                    ]
                ]
            }
        },
        {
            "type": "Feature",
            "properties": {
                "building": "candy-stall",
                "item_popcorn": "yes"
            },
            "geometry": {
                "type": "Polygon",
                "coordinates": [
                    [
                        [
                            8.29799216720,
                            52.74724493170
                        ],
                        [
                            8.29799689745,
                            52.74720979026
                        ],
                        [
                            8.29796334797,
                            52.74720813549
                        ],
                        [
                            8.29795861771,
                            52.74724327693
                        ],
                        [
                            8.29799216720,
                            52.74724493170
                        ]
                    ]
                ]
            }
        },
        {
            "type": "Feature",
            "properties": {
                "building": "restroom",
                "men": "yes"
            },
            "geometry": {
                "type": "Polygon",
                "coordinates": [
                    [
                        [
                            8.29503513806,
                            52.74902345494
                        ],
                        [
                            8.29502473387,
                            52.74907793028
                        ],
                        [
                            8.29514073941,
                            52.74908604808
                        ],
                        [
                            8.29515114360,
                            52.74903157275
                        ],
                        [
                            8.29503513806,
                            52.74902345494
                        ]
                    ]
                ]
            }
        },
        {
            "type": "Feature",
            "properties": {
                "building": "restroom"
            },
            "geometry": {
                "type": "Polygon",
                "coordinates": [
                    [
                        [
                            8.29385051442,
                            52.74825123150
                        ],
                        [
                            8.29384728348,
                            52.74828070741
                        ],
                        [
                            8.29402500873,
                            52.74828784543
                        ],
                        [
                            8.29402823967,
                            52.74825836953
                        ],
                        [
                            8.29385051442,
                            52.74825123150
                        ]
                    ]
                ]
            }
        },
        {
            "type": "Feature",
            "properties": {
                "building": "seller-stall"
            },
            "geometry": {
                "type": "Polygon",
                "coordinates": [
                    [
                        [
                            8.29591901811,
                            52.74621423165
                        ],
                        [
                            8.29586764054,
                            52.74622041656
                        ],
                        [
                            8.29589555043,
                            52.74630537497
                        ],
                        [
                            8.29594692800,
                            52.74629919008
                        ],
                        [
                            8.29591901811,
                            52.74621423165
                        ]
                    ]
                ]
            }
        },
        {
            "type": "Feature",
            "properties": {
                "building": "entrance",
                "entity": "entry",
                "slug": "eingang-sued",
                "name": "Eingang Süd",
                "priority": "50"
            },
            "geometry": {
                "type": "Polygon",
                "coordinates": [
                    [
                        [
                            8.29579621285,
                            52.74600718061
                        ],
                        [
                            8.29564162412,
                            52.74603213532
                        ],
                        [
                            8.29565235296,
                            52.74605649041
                        ],
                        [
                            8.29580694169,
                            52.74603153571
                        ],
                        [
                            8.29579621285,
                            52.74600718061
                        ]
                    ]
                ]
            }
        },
        {
            "type": "Feature",
            "properties": {
                "building": "candy-stall",
                "item_gingerbread": "yes"
            },
            "geometry": {
                "type": "Polygon",
                "coordinates": [
                    [
                        [
                            8.29687312178,
                            52.74659900446
                        ],
                        [
                            8.29687952207,
                            52.74662090949
                        ],
                        [
                            8.29707666444,
                            52.74659980203
                        ],
                        [
                            8.29707026415,
                            52.74657789698
                        ],
                        [
                            8.29687312178,
                            52.74659900446
                        ]
                    ]
                ]
            }
        },
        {
            "type": "Feature",
            "properties": {
                "item_longdrinks": "no",
                "slug": "festzelt-grieshop",
                "building": "bar",
                "item_shots": "yes",
                "isTent": "yes",
                "item_softdrinks": "yes",
                "name": "Festzelt Grieshop",
                "item_beer": "yes"
            },
            "geometry": {
                "type": "Polygon",
                "coordinates": [
                    [
                        [
                            8.29551592335,
                            52.74849944776
                        ],
                        [
                            8.29580962524,
                            52.74852298968
                        ],
                        [
                            8.29586192831,
                            52.74829568788
                        ],
                        [
                            8.29568377508,
                            52.74828066741
                        ],
                        [
                            8.29567583993,
                            52.74831515252
                        ],
                        [
                            8.29555830118,
                            52.74830573106
                        ],
                        [
                            8.29551592335,
                            52.74849944776
                        ]
                    ]
                ]
            }
        },
        {
            "type": "Feature",
            "properties": {
                "operator": "Dreher-Verspermann",
                "name": "Break Dancer No.2",
                "building": "ride",
                "website": "https://breakdancer-das-original.de/",
                "type": "break_dancer",
                "slug": "break-dancer"
            },
            "geometry": {
                "type": "Polygon",
                "coordinates": [
                    [
                        [
                            8.29635612483,
                            52.74876120018
                        ],
                        [
                            8.29636875902,
                            52.74877624332
                        ],
                        [
                            8.29637764011,
                            52.74879223966
                        ],
                        [
                            8.29638257881,
                            52.74880884825
                        ],
                        [
                            8.29638346986,
                            52.74882571510
                        ],
                        [
                            8.29638029426,
                            52.74884248074
                        ],
                        [
                            8.29637311970,
                            52.74885878783
                        ],
                        [
                            8.29636209909,
                            52.74887428881
                        ],
                        [
                            8.29634746732,
                            52.74888865331
                        ],
                        [
                            8.29632953624,
                            52.74890157517
                        ],
                        [
                            8.29630868801,
                            52.74891277900
                        ],
                        [
                            8.29628536699,
                            52.74892202600
                        ],
                        [
                            8.29626007022,
                            52.74892911908
                        ],
                        [
                            8.29623333685,
                            52.74893390708
                        ],
                        [
                            8.29620573666,
                            52.74893628795
                        ],
                        [
                            8.29617785791,
                            52.74893621093
                        ],
                        [
                            8.29615029477,
                            52.74893367768
                        ],
                        [
                            8.29612363471,
                            52.74892874219
                        ],
                        [
                            8.29609844594,
                            52.74892150964
                        ],
                        [
                            8.29607526532,
                            52.74891213419
                        ],
                        [
                            8.29605458690,
                            52.74890081565
                        ],
                        [
                            8.29603685141,
                            52.74888779526
                        ],
                        [
                            8.29602243684,
                            52.74887335052
                        ],
                        [
                            8.29601165042,
                            52.74885778930
                        ],
                        [
                            8.29600472205,
                            52.74884144325
                        ],
                        [
                            8.29600179938,
                            52.74882466077
                        ],
                        [
                            8.29600294471,
                            52.74880779954
                        ],
                        [
                            8.29600813363,
                            52.74879121893
                        ],
                        [
                            8.29601725555,
                            52.74877527232
                        ],
                        [
                            8.29603011605,
                            52.74876029960
                        ],
                        [
                            8.29604644103,
                            52.74874661988
                        ],
                        [
                            8.29606588254,
                            52.74873452473
                        ],
                        [
                            8.29608802624,
                            52.74872427192
                        ],
                        [
                            8.29611240016,
                            52.74871607999
                        ],
                        [
                            8.29613848482,
                            52.74871012353
                        ],
                        [
                            8.29616572426,
                            52.74870652949
                        ],
                        [
                            8.29619353793,
                            52.74870537447
                        ],
                        [
                            8.29622133303,
                            52.74870668310
                        ],
                        [
                            8.29624851715,
                            52.74871042748
                        ],
                        [
                            8.29627451090,
                            52.74871652781
                        ],
                        [
                            8.29629876029,
                            52.74872485406
                        ],
                        [
                            8.29632074847,
                            52.74873522878
                        ],
                        [
                            8.29634000680,
                            52.74874743084
                        ],
                        [
                            8.29635612483,
                            52.74876120018
                        ]
                    ]
                ]
            }
        },
        {
            "type": "Feature",
            "properties": {
                "slug": "die-flotte-das-partyschiff",
                "building": "bar",
                "item_shots": "yes",
                "isTent": "yes",
                "item_softdrinks": "yes",
                "operator": "Kröger",
                "name": "Die Flotte - Das Partyschiff",
                "item_beer": "yes"
            },
            "geometry": {
                "type": "Polygon",
                "coordinates": [
                    [
                        [
                            8.29648956522,
                            52.74775746497
                        ],
                        [
                            8.29664941953,
                            52.74777070015
                        ],
                        [
                            8.29693078861,
                            52.74779399615
                        ],
                        [
                            8.29697085718,
                            52.74761666847
                        ],
                        [
                            8.29652963380,
                            52.74758013714
                        ],
                        [
                            8.29648956522,
                            52.74775746497
                        ]
                    ]
                ]
            }
        },
        {
            "type": "Feature",
            "properties": {
                "building": "candy-stall",
                "name": "Kleine Strandbar",
                "item_slush": "yes"
            },
            "geometry": {
                "type": "Polygon",
                "coordinates": [
                    [
                        [
                            8.29635884431,
                            52.74724101841
                        ],
                        [
                            8.29636147454,
                            52.74721610456
                        ],
                        [
                            8.29632055190,
                            52.74721452148
                        ],
                        [
                            8.29631792167,
                            52.74723943532
                        ],
                        [
                            8.29635884431,
                            52.74724101841
                        ]
                    ]
                ]
            }
        },
        {
            "type": "Feature",
            "properties": {
                "game_machines": "yes",
                "building": "game-stall"
            },
            "geometry": {
                "type": "Polygon",
                "coordinates": [
                    [
                        [
                            8.29496178304,
                            52.74821908825
                        ],
                        [
                            8.29490255240,
                            52.74821908825
                        ],
                        [
                            8.29490255240,
                            52.74828017180
                        ],
                        [
                            8.29496178304,
                            52.74828017180
                        ],
                        [
                            8.29496178304,
                            52.74821908825
                        ]
                    ]
                ]
            }
        },
        {
            "type": "Feature",
            "properties": {
                "building": "seller-stall",
                "products": "seller_type_leather"
            },
            "geometry": {
                "type": "Polygon",
                "coordinates": [
                    [
                        [
                            8.29071020527,
                            52.74816091217
                        ],
                        [
                            8.29082684667,
                            52.74815144072
                        ],
                        [
                            8.29082062292,
                            52.74812335674
                        ],
                        [
                            8.29070398151,
                            52.74813282819
                        ],
                        [
                            8.29071020527,
                            52.74816091217
                        ]
                    ]
                ]
            }
        },
        {
            "type": "Feature",
            "properties": {
                "building": "restroom"
            },
            "geometry": {
                "type": "Polygon",
                "coordinates": [
                    [
                        [
                            8.29693749480,
                            52.74694727636
                        ],
                        [
                            8.29693370002,
                            52.74696823757
                        ],
                        [
                            8.29705215923,
                            52.74697609594
                        ],
                        [
                            8.29705595402,
                            52.74695513474
                        ],
                        [
                            8.29693749480,
                            52.74694727636
                        ]
                    ]
                ]
            }
        },
        {
            "type": "Feature",
            "properties": {
                "name": "Word of Fantasy",
                "building": "ride",
                "forKids": "yes",
                "type": "kiddie_ride"
            },
            "geometry": {
                "type": "Polygon",
                "coordinates": [
                    [
                        [
                            8.29432099923,
                            52.74788167085
                        ],
                        [
                            8.29460799560,
                            52.74787517643
                        ],
                        [
                            8.29460198408,
                            52.74777783541
                        ],
                        [
                            8.29431498772,
                            52.74778432984
                        ],
                        [
                            8.29432099923,
                            52.74788167085
                        ]
                    ]
                ]
            }
        },
        {
            "type": "Feature",
            "properties": {
                "products": "seller_type_minerals",
                "building": "seller-stall"
            },
            "geometry": {
                "type": "Polygon",
                "coordinates": [
                    [
                        [
                            8.29276742915,
                            52.74768031721
                        ],
                        [
                            8.29272245546,
                            52.74768490033
                        ],
                        [
                            8.29275064871,
                            52.74778627292
                        ],
                        [
                            8.29279562240,
                            52.74778168980
                        ],
                        [
                            8.29276742915,
                            52.74768031721
                        ]
                    ]
                ]
            }
        },
        {
            "type": "Feature",
            "properties": {
                "building": "seller-stall"
            },
            "geometry": {
                "type": "Polygon",
                "coordinates": [
                    [
                        [
                            8.29353048988,
                            52.74755082659
                        ],
                        [
                            8.29352077161,
                            52.74751388295
                        ],
                        [
                            8.29343224481,
                            52.74752241604
                        ],
                        [
                            8.29344196308,
                            52.74755935967
                        ],
                        [
                            8.29353048988,
                            52.74755082659
                        ]
                    ]
                ]
            }
        },
        {
            "type": "Feature",
            "properties": {
                "name": "Bier-Türmchen",
                "building": "bar",
                "item_beer": "yes"
            },
            "geometry": {
                "type": "Polygon",
                "coordinates": [
                    [
                        [
                            8.29217590325,
                            52.74812521035
                        ],
                        [
                            8.29212963435,
                            52.74815353976
                        ],
                        [
                            8.29218864295,
                            52.74818885291
                        ],
                        [
                            8.29223491184,
                            52.74816052353
                        ],
                        [
                            8.29217590325,
                            52.74812521035
                        ]
                    ]
                ]
            }
        },
        {
            "type": "Feature",
            "properties": {
                "building": "exhibition"
            },
            "geometry": {
                "type": "Polygon",
                "coordinates": [
                    [
                        [
                            8.29711480544,
                            52.74866455002
                        ],
                        [
                            8.29708396460,
                            52.74879573102
                        ],
                        [
                            8.29720048920,
                            52.74880576863
                        ],
                        [
                            8.29723133004,
                            52.74867458766
                        ],
                        [
                            8.29711480544,
                            52.74866455002
                        ]
                    ]
                ]
            }
        },
        {
            "type": "Feature",
            "properties": {
                "item_hotdog": "yes",
                "building": "food-stall"
            },
            "geometry": {
                "type": "Polygon",
                "coordinates": [
                    [
                        [
                            8.29762909752,
                            52.74770387619
                        ],
                        [
                            8.29753254313,
                            52.74772395793
                        ],
                        [
                            8.29754457041,
                            52.74774514722
                        ],
                        [
                            8.29764112480,
                            52.74772506549
                        ],
                        [
                            8.29762909752,
                            52.74770387619
                        ]
                    ]
                ]
            }
        },
        {
            "type": "Feature",
            "properties": {
                "operator": "Lübke, D.",
                "game_can_knockdown": "yes",
                "building": "game-stall"
            },
            "geometry": {
                "type": "Polygon",
                "coordinates": [
                    [
                        [
                            8.29612512595,
                            52.74868933191
                        ],
                        [
                            8.29600738927,
                            52.74866783685
                        ],
                        [
                            8.29599569491,
                            52.74869130662
                        ],
                        [
                            8.29611343158,
                            52.74871280167
                        ],
                        [
                            8.29612512595,
                            52.74868933191
                        ]
                    ]
                ]
            }
        },
        {
            "type": "Feature",
            "properties": {
                "building": "ride",
                "forKids": "yes",
                "name": "Dschungel-Reise",
                "type": "kiddie_ride"
            },
            "geometry": {
                "type": "Polygon",
                "coordinates": [
                    [
                        [
                            8.29267533220,
                            52.74852886767
                        ],
                        [
                            8.29288392304,
                            52.74853693458
                        ],
                        [
                            8.29289060122,
                            52.74847366303
                        ],
                        [
                            8.29268201038,
                            52.74846559611
                        ],
                        [
                            8.29267533220,
                            52.74852886767
                        ]
                    ]
                ]
            }
        },
        {
            "type": "Feature",
            "properties": {
                "slug": "charivari-drinkery",
                "building": "bar",
                "item_shots": "yes",
                "isTent": "yes",
                "item_softdrinks": "yes",
                "name": "Charivari Drinkery",
                "item_beer": "yes"
            },
            "geometry": {
                "type": "Polygon",
                "coordinates": [
                    [
                        [
                            8.29498622991,
                            52.74787431740
                        ],
                        [
                            8.29513523557,
                            52.74787744620
                        ],
                        [
                            8.29514670115,
                            52.74767736935
                        ],
                        [
                            8.29507542758,
                            52.74767587276
                        ],
                        [
                            8.29507831318,
                            52.74762551830
                        ],
                        [
                            8.29500058108,
                            52.74762388608
                        ],
                        [
                            8.29498622991,
                            52.74787431740
                        ]
                    ]
                ]
            }
        },
        {
            "type": "Feature",
            "properties": {
                "building": "food-stall",
                "item_mushrooms": "yes"
            },
            "geometry": {
                "type": "Polygon",
                "coordinates": [
                    [
                        [
                            8.29393914059,
                            52.74840654895
                        ],
                        [
                            8.29383426170,
                            52.74840211184
                        ],
                        [
                            8.29382985744,
                            52.74844025571
                        ],
                        [
                            8.29393473633,
                            52.74844469282
                        ],
                        [
                            8.29393914059,
                            52.74840654895
                        ]
                    ]
                ]
            }
        },
        {
            "type": "Feature",
            "properties": {
                "building": "candy-stall",
                "item_roasted_almonds": "yes"
            },
            "geometry": {
                "type": "Polygon",
                "coordinates": [
                    [
                        [
                            8.29815782655,
                            52.74758245112
                        ],
                        [
                            8.29805993942,
                            52.74760281011
                        ],
                        [
                            8.29807716418,
                            52.74763315622
                        ],
                        [
                            8.29817505131,
                            52.74761279724
                        ],
                        [
                            8.29815782655,
                            52.74758245112
                        ]
                    ]
                ]
            }
        },
        {
            "type": "Feature",
            "properties": {
                "game_flower_picking": "yes",
                "operator": "Kleuser, B.",
                "building": "game-stall"
            },
            "geometry": {
                "type": "Polygon",
                "coordinates": [
                    [
                        [
                            8.29472052308,
                            52.74767055847
                        ],
                        [
                            8.29472113798,
                            52.74771894634
                        ],
                        [
                            8.29478704181,
                            52.74771863947
                        ],
                        [
                            8.29478642691,
                            52.74767025159
                        ],
                        [
                            8.29472052308,
                            52.74767055847
                        ]
                    ]
                ]
            }
        },
        {
            "type": "Feature",
            "properties": {
                "building": "food-stall",
                "item_cheese": "yes"
            },
            "geometry": {
                "type": "Polygon",
                "coordinates": [
                    [
                        [
                            8.29710146026,
                            52.74694612815
                        ],
                        [
                            8.29706275600,
                            52.74694325090
                        ],
                        [
                            8.29705551707,
                            52.74697893279
                        ],
                        [
                            8.29709422133,
                            52.74698181004
                        ],
                        [
                            8.29710146026,
                            52.74694612815
                        ]
                    ]
                ]
            }
        },
        {
            "type": "Feature",
            "properties": {
                "type": "bumper_cars",
                "slug": "autoscooter-formel-eins",
                "building": "ride",
                "operator": "Scheinder, A.",
                "name": "Formel Eins"
            },
            "geometry": {
                "type": "Polygon",
                "coordinates": [
                    [
                        [
                            8.29491644964,
                            52.74833790116
                        ],
                        [
                            8.29489132235,
                            52.74849782293
                        ],
                        [
                            8.29538484880,
                            52.74852623558
                        ],
                        [
                            8.29540997609,
                            52.74836631393
                        ],
                        [
                            8.29491644964,
                            52.74833790116
                        ]
                    ]
                ]
            }
        },
        {
            "type": "Feature",
            "properties": {
                "building": "restroom"
            },
            "geometry": {
                "type": "Polygon",
                "coordinates": [
                    [
                        [
                            8.29520411722,
                            52.74901939604
                        ],
                        [
                            8.29524323453,
                            52.74902213338
                        ],
                        [
                            8.29525709085,
                            52.74894958284
                        ],
                        [
                            8.29521797355,
                            52.74894684549
                        ],
                        [
                            8.29520411722,
                            52.74901939604
                        ]
                    ]
                ]
            }
        },
        {
            "type": "Feature",
            "properties": {
                "building": "food-stall",
                "item_fish": "yes"
            },
            "geometry": {
                "type": "Polygon",
                "coordinates": [
                    [
                        [
                            8.29183803095,
                            52.74806397603
                        ],
                        [
                            8.29198511799,
                            52.74805442965
                        ],
                        [
                            8.29198006338,
                            52.74802589355
                        ],
                        [
                            8.29183297634,
                            52.74803543994
                        ],
                        [
                            8.29183803095,
                            52.74806397603
                        ]
                    ]
                ]
            }
        },
        {
            "type": "Feature",
            "properties": {
                "building": "candy-stall",
                "item_roasted_almonds": "yes"
            },
            "geometry": {
                "type": "Polygon",
                "coordinates": [
                    [
                        [
                            8.29829505598,
                            52.74654570758
                        ],
                        [
                            8.29828170058,
                            52.74651857930
                        ],
                        [
                            8.29818044719,
                            52.74653684541
                        ],
                        [
                            8.29819380259,
                            52.74656397368
                        ],
                        [
                            8.29829505598,
                            52.74654570758
                        ]
                    ]
                ]
            }
        },
        {
            "type": "Feature",
            "properties": {
                "building": "exhibition"
            },
            "geometry": {
                "type": "Polygon",
                "coordinates": [
                    [
                        [
                            8.29681232078,
                            52.74885789321
                        ],
                        [
                            8.29702541817,
                            52.74889768030
                        ],
                        [
                            8.29704293084,
                            52.74886331316
                        ],
                        [
                            8.29682983345,
                            52.74882352604
                        ],
                        [
                            8.29681232078,
                            52.74885789321
                        ]
                    ]
                ]
            }
        },
        {
            "type": "Feature",
            "properties": {
                "building": "restroom"
            },
            "geometry": {
                "type": "Polygon",
                "coordinates": [
                    [
                        [
                            8.29637294366,
                            52.74709121572
                        ],
                        [
                            8.29640751129,
                            52.74709434439
                        ],
                        [
                            8.29642051690,
                            52.74704169025
                        ],
                        [
                            8.29638594928,
                            52.74703856158
                        ],
                        [
                            8.29637294366,
                            52.74709121572
                        ]
                    ]
                ]
            }
        },
        {
            "type": "Feature",
            "properties": {
                "products": "seller_type_cloth",
                "building": "seller-stall"
            },
            "geometry": {
                "type": "Polygon",
                "coordinates": [
                    [
                        [
                            8.28993197218,
                            52.74829838367
                        ],
                        [
                            8.29013747275,
                            52.74828958819
                        ],
                        [
                            8.29013379508,
                            52.74825810396
                        ],
                        [
                            8.28992829451,
                            52.74826689944
                        ],
                        [
                            8.28993197218,
                            52.74829838367
                        ]
                    ]
                ]
            }
        },
        {
            "type": "Feature",
            "properties": {
                "building": "bar",
                "item_shots": "yes",
                "name": "Alt Berlin"
            },
            "geometry": {
                "type": "Polygon",
                "coordinates": [
                    [
                        [
                            8.29478784967,
                            52.74754687680
                        ],
                        [
                            8.29471358993,
                            52.74764570566
                        ],
                        [
                            8.29486623587,
                            52.74768773329
                        ],
                        [
                            8.29494049561,
                            52.74758890452
                        ],
                        [
                            8.29478784967,
                            52.74754687680
                        ]
                    ]
                ]
            }
        },
        {
            "type": "Feature",
            "properties": {
                "building": "candy-stall",
                "item_roasted_almonds": "yes"
            },
            "geometry": {
                "type": "Polygon",
                "coordinates": [
                    [
                        [
                            8.29578971829,
                            52.74856255238
                        ],
                        [
                            8.29579837282,
                            52.74853979110
                        ],
                        [
                            8.29568880338,
                            52.74852452606
                        ],
                        [
                            8.29568014886,
                            52.74854728735
                        ],
                        [
                            8.29578971829,
                            52.74856255238
                        ]
                    ]
                ]
            }
        },
        {
            "type": "Feature",
            "properties": {
                "building": "food-stall",
                "item_meat": "yes"
            },
            "geometry": {
                "type": "Polygon",
                "coordinates": [
                    [
                        [
                            8.29223761165,
                            52.74818949498
                        ],
                        [
                            8.29217964931,
                            52.74819732924
                        ],
                        [
                            8.29220798835,
                            52.74827415409
                        ],
                        [
                            8.29226595068,
                            52.74826631985
                        ],
                        [
                            8.29223761165,
                            52.74818949498
                        ]
                    ]
                ]
            }
        },
        {
            "type": "Feature",
            "properties": {
                "building": "seller-stall"
            },
            "geometry": {
                "type": "Polygon",
                "coordinates": [
                    [
                        [
                            8.29807071541,
                            52.74660758424
                        ],
                        [
                            8.29802616486,
                            52.74660706562
                        ],
                        [
                            8.29802447327,
                            52.74666031317
                        ],
                        [
                            8.29806902381,
                            52.74666083179
                        ],
                        [
                            8.29807071541,
                            52.74660758424
                        ]
                    ]
                ]
            }
        },
        {
            "type": "Feature",
            "properties": {
                "item_hotdog": "yes",
                "building": "food-stall"
            },
            "geometry": {
                "type": "Polygon",
                "coordinates": [
                    [
                        [
                            8.29509019730,
                            52.74734139765
                        ],
                        [
                            8.29512564888,
                            52.74735996003
                        ],
                        [
                            8.29518420959,
                            52.74731897796
                        ],
                        [
                            8.29514875800,
                            52.74730041556
                        ],
                        [
                            8.29509019730,
                            52.74734139765
                        ]
                    ]
                ]
            }
        },
        {
            "type": "Feature",
            "properties": {
                "alias": "Luttener Zelt",
                "item_longdrinks": "no",
                "name": "Picker's - Das Partyzelt",
                "building": "bar",
                "item_shots": "yes",
                "isTent": "yes",
                "item_softdrinks": "yes",
                "slug": "pickers-lutten-das-partyzelt",
                "item_beer": "yes"
            },
            "geometry": {
                "type": "Polygon",
                "coordinates": [
                    [
                        [
                            8.29609743555,
                            52.74706854188
                        ],
                        [
                            8.29583308416,
                            52.74704768520
                        ],
                        [
                            8.29579755104,
                            52.74721271418
                        ],
                        [
                            8.29606190244,
                            52.74723357078
                        ],
                        [
                            8.29609594680,
                            52.74723625679
                        ],
                        [
                            8.29610442385,
                            52.74723692561
                        ],
                        [
                            8.29616426965,
                            52.74695897926
                        ],
                        [
                            8.29612174824,
                            52.74695562441
                        ],
                        [
                            8.29609743555,
                            52.74706854188
                        ]
                    ]
                ]
            }
        },
        {
            "type": "Feature",
            "properties": {
                "building": "food-stall",
                "item_pizza": "yes"
            },
            "geometry": {
                "type": "Polygon",
                "coordinates": [
                    [
                        [
                            8.29750891489,
                            52.74769559553
                        ],
                        [
                            8.29739892500,
                            52.74771847164
                        ],
                        [
                            8.29742717262,
                            52.74776823739
                        ],
                        [
                            8.29753716251,
                            52.74774536130
                        ],
                        [
                            8.29750891489,
                            52.74769559553
                        ]
                    ]
                ]
            }
        },
        {
            "type": "Feature",
            "properties": {
                "building": "candy-stall",
                "item_roasted_almonds": "yes"
            },
            "geometry": {
                "type": "Polygon",
                "coordinates": [
                    [
                        [
                            8.29174057379,
                            52.74818020778
                        ],
                        [
                            8.29184367897,
                            52.74817268298
                        ],
                        [
                            8.29183765139,
                            52.74814242094
                        ],
                        [
                            8.29173454621,
                            52.74814994574
                        ],
                        [
                            8.29174057379,
                            52.74818020778
                        ]
                    ]
                ]
            }
        },
        {
            "type": "Feature",
            "properties": {
                "operator": "Kirschbaum",
                "slug": "avenger-royal",
                "name": "Avenger Royal",
                "building": "ride"
            },
            "geometry": {
                "type": "Polygon",
                "coordinates": [
                    [
                        [
                            8.29307759962,
                            52.74848311053
                        ],
                        [
                            8.29305728046,
                            52.74866420963
                        ],
                        [
                            8.29329296911,
                            52.74867389884
                        ],
                        [
                            8.29331328827,
                            52.74849279978
                        ],
                        [
                            8.29307759962,
                            52.74848311053
                        ]
                    ]
                ]
            }
        },
        {
            "type": "Feature",
            "properties": {
                "name": "Heinrich & Helene",
                "building": "bar"
            },
            "geometry": {
                "type": "Polygon",
                "coordinates": [
                    [
                        [
                            8.29615831241,
                            52.74823805045
                        ],
                        [
                            8.29618781671,
                            52.74811628098
                        ],
                        [
                            8.29603456179,
                            52.74810267497
                        ],
                        [
                            8.29600505749,
                            52.74822444447
                        ],
                        [
                            8.29615831241,
                            52.74823805045
                        ]
                    ]
                ]
            }
        },
        {
            "type": "Feature",
            "properties": {
                "building": "food-stall",
                "item_langos": "yes"
            },
            "geometry": {
                "type": "Polygon",
                "coordinates": [
                    [
                        [
                            8.29706888508,
                            52.74689135326
                        ],
                        [
                            8.29711400591,
                            52.74689458944
                        ],
                        [
                            8.29712693257,
                            52.74682854649
                        ],
                        [
                            8.29708181174,
                            52.74682531031
                        ],
                        [
                            8.29706888508,
                            52.74689135326
                        ]
                    ]
                ]
            }
        },
        {
            "type": "Feature",
            "properties": {
                "building": "seller-stall"
            },
            "geometry": {
                "type": "Polygon",
                "coordinates": [
                    [
                        [
                            8.29330484759,
                            52.74754551512
                        ],
                        [
                            8.29319307871,
                            52.74755483092
                        ],
                        [
                            8.29319950194,
                            52.74758306903
                        ],
                        [
                            8.29331127082,
                            52.74757375324
                        ],
                        [
                            8.29330484759,
                            52.74754551512
                        ]
                    ]
                ]
            }
        },
        {
            "type": "Feature",
            "properties": {
                "building": "food-stall",
                "item_pizza": "yes"
            },
            "geometry": {
                "type": "Polygon",
                "coordinates": [
                    [
                        [
                            8.29770826895,
                            52.74652650887
                        ],
                        [
                            8.29782768506,
                            52.74650797358
                        ],
                        [
                            8.29781827222,
                            52.74648575140
                        ],
                        [
                            8.29769885611,
                            52.74650428670
                        ],
                        [
                            8.29770826895,
                            52.74652650887
                        ]
                    ]
                ]
            }
        },
        {
            "type": "Feature",
            "properties": {
                "building": "candy-stall"
            },
            "geometry": {
                "type": "Polygon",
                "coordinates": [
                    [
                        [
                            8.29550897744,
                            52.74772303890
                        ],
                        [
                            8.29555044493,
                            52.74772557439
                        ],
                        [
                            8.29555425982,
                            52.74770271280
                        ],
                        [
                            8.29551279233,
                            52.74770017731
                        ],
                        [
                            8.29550897744,
                            52.74772303890
                        ]
                    ]
                ]
            }
        },
        {
            "type": "Feature",
            "properties": {
                "alias": "Das Ü-40 Zelt",
                "building": "bar",
                "item_shots": "yes",
                "isTent": "yes",
                "item_softdrinks": "yes",
                "name": "Sir George",
                "slug": "sir-george",
                "item_beer": "yes"
            },
            "geometry": {
                "type": "Polygon",
                "coordinates": [
                    [
                        [
                            8.29559199213,
                            52.74758957446
                        ],
                        [
                            8.29561024699,
                            52.74749722652
                        ],
                        [
                            8.29542606935,
                            52.74748388607
                        ],
                        [
                            8.29522706528,
                            52.74746947170
                        ],
                        [
                            8.29520881042,
                            52.74756181970
                        ],
                        [
                            8.29543751254,
                            52.74757838514
                        ],
                        [
                            8.29542875156,
                            52.74762270525
                        ],
                        [
                            8.29558323115,
                            52.74763389456
                        ],
                        [
                            8.29559199213,
                            52.74758957446
                        ]
                    ]
                ]
            }
        },
        {
            "type": "Feature",
            "properties": {
                "building": "seller-stall",
                "products": "seller_type_metal"
            },
            "geometry": {
                "type": "Polygon",
                "coordinates": [
                    [
                        [
                            8.29806746130,
                            52.74666927423
                        ],
                        [
                            8.29800708932,
                            52.74666653569
                        ],
                        [
                            8.29799356573,
                            52.74677578189
                        ],
                        [
                            8.29805393771,
                            52.74677852042
                        ],
                        [
                            8.29806746130,
                            52.74666927423
                        ]
                    ]
                ]
            }
        },
        {
            "type": "Feature",
            "properties": {
                "building": "restroom"
            },
            "geometry": {
                "type": "Polygon",
                "coordinates": [
                    [
                        [
                            8.29759238757,
                            52.74745309769
                        ],
                        [
                            8.29759652738,
                            52.74743174137
                        ],
                        [
                            8.29750540062,
                            52.74742526870
                        ],
                        [
                            8.29750135763,
                            52.74744612556
                        ],
                        [
                            8.29750126081,
                            52.74744662502
                        ],
                        [
                            8.29759238757,
                            52.74745309769
                        ]
                    ]
                ]
            }
        },
        {
            "type": "Feature",
            "properties": {
                "building": "seller-stall"
            },
            "geometry": {
                "type": "Polygon",
                "coordinates": [
                    [
                        [
                            8.29402973302,
                            52.74756522387
                        ],
                        [
                            8.29402973302,
                            52.74759227694
                        ],
                        [
                            8.29419400490,
                            52.74759227694
                        ],
                        [
                            8.29419400490,
                            52.74756522387
                        ],
                        [
                            8.29402973302,
                            52.74756522387
                        ]
                    ]
                ]
            }
        },
        {
            "type": "Feature",
            "properties": {
                "building": "food-stall"
            },
            "geometry": {
                "type": "Polygon",
                "coordinates": [
                    [
                        [
                            8.29900740857,
                            52.74386961398
                        ],
                        [
                            8.29892666964,
                            52.74387204765
                        ],
                        [
                            8.29892851921,
                            52.74389453547
                        ],
                        [
                            8.29900925815,
                            52.74389210180
                        ],
                        [
                            8.29900740857,
                            52.74386961398
                        ]
                    ]
                ]
            }
        },
        {
            "type": "Feature",
            "properties": {
                "operator": "Cornelius, B.",
                "game_claw_crane": "yes",
                "building": "game-stall"
            },
            "geometry": {
                "type": "Polygon",
                "coordinates": [
                    [
                        [
                            8.29624886640,
                            52.74825567163
                        ],
                        [
                            8.29617323435,
                            52.74824987651
                        ],
                        [
                            8.29614538415,
                            52.74838305636
                        ],
                        [
                            8.29622101620,
                            52.74838885146
                        ],
                        [
                            8.29624886640,
                            52.74825567163
                        ]
                    ]
                ]
            }
        },
        {
            "type": "Feature",
            "properties": {
                "building": "seller-stall"
            },
            "geometry": {
                "type": "Polygon",
                "coordinates": [
                    [
                        [
                            8.29289093927,
                            52.74809705124
                        ],
                        [
                            8.29292515756,
                            52.74809379302
                        ],
                        [
                            8.29291920951,
                            52.74807090430
                        ],
                        [
                            8.29288499123,
                            52.74807416253
                        ],
                        [
                            8.29289093927,
                            52.74809705124
                        ]
                    ]
                ]
            }
        },
        {
            "type": "Feature",
            "properties": {
                "name": "Fernseh Tombola",
                "game_lottery": "yes",
                "operator": "Kleuser, B.",
                "building": "game-stall"
            },
            "geometry": {
                "type": "Polygon",
                "coordinates": [
                    [
                        [
                            8.29479951905,
                            52.74742499038
                        ],
                        [
                            8.29476174463,
                            52.74740472290
                        ],
                        [
                            8.29464207888,
                            52.74748644734
                        ],
                        [
                            8.29467985330,
                            52.74750671478
                        ],
                        [
                            8.29479951905,
                            52.74742499038
                        ]
                    ]
                ]
            }
        },
        {
            "type": "Feature",
            "properties": {
                "building": "restroom"
            },
            "geometry": {
                "type": "Polygon",
                "coordinates": [
                    [
                        [
                            8.29496405952,
                            52.74768277851
                        ],
                        [
                            8.29496473007,
                            52.74761174545
                        ],
                        [
                            8.29492785473,
                            52.74761161790
                        ],
                        [
                            8.29492718418,
                            52.74768265096
                        ],
                        [
                            8.29496405952,
                            52.74768277851
                        ]
                    ]
                ]
            }
        },
        {
            "type": "Feature",
            "properties": {
                "building": "food-stall",
                "item_fries": "yes",
                "item_shots": "yes",
                "item_longdrinks": "yes",
                "isTent": "yes",
                "item_softdrinks": "yes",
                "item_currywurst": "yes",
                "isBar": "yes",
                "item_sausauge": "yes",
                "item_beer": "yes"
            },
            "geometry": {
                "type": "Polygon",
                "coordinates": [
                    [
                        [
                            8.29338778172,
                            52.74803789846
                        ],
                        [
                            8.29340392671,
                            52.74814294583
                        ],
                        [
                            8.29358450236,
                            52.74815661370
                        ],
                        [
                            8.29357598154,
                            52.74809483374
                        ],
                        [
                            8.29356069324,
                            52.74802418756
                        ],
                        [
                            8.29338778172,
                            52.74803789846
                        ]
                    ]
                ]
            }
        },
        {
            "type": "Feature",
            "properties": {
                "building": "seller-stall"
            },
            "geometry": {
                "type": "Polygon",
                "coordinates": [
                    [
                        [
                            8.29726452211,
                            52.74657745666
                        ],
                        [
                            8.29732568587,
                            52.74657295362
                        ],
                        [
                            8.29732093341,
                            52.74654929944
                        ],
                        [
                            8.29725976966,
                            52.74655380248
                        ],
                        [
                            8.29726452211,
                            52.74657745666
                        ]
                    ]
                ]
            }
        },
        {
            "type": "Feature",
            "properties": {
                "building": "seller-stall"
            },
            "geometry": {
                "type": "Polygon",
                "coordinates": [
                    [
                        [
                            8.29808072892,
                            52.74750205066
                        ],
                        [
                            8.29813932858,
                            52.74750479246
                        ],
                        [
                            8.29814835042,
                            52.74743413841
                        ],
                        [
                            8.29813062511,
                            52.74743330906
                        ],
                        [
                            8.29808975075,
                            52.74743139660
                        ],
                        [
                            8.29808072892,
                            52.74750205066
                        ]
                    ]
                ]
            }
        },
        {
            "type": "Feature",
            "properties": {
                "building": "food-stall",
                "item_chinese": "yes"
            },
            "geometry": {
                "type": "Polygon",
                "coordinates": [
                    [
                        [
                            8.29202284535,
                            52.74816016506
                        ],
                        [
                            8.29212888456,
                            52.74815279216
                        ],
                        [
                            8.29212448804,
                            52.74812962321
                        ],
                        [
                            8.29201844883,
                            52.74813699611
                        ],
                        [
                            8.29202284535,
                            52.74816016506
                        ]
                    ]
                ]
            }
        },
        {
            "type": "Feature",
            "properties": {
                "building": "restroom",
                "men": "yes"
            },
            "geometry": {
                "type": "Polygon",
                "coordinates": [
                    [
                        [
                            8.29529799454,
                            52.74684336336
                        ],
                        [
                            8.29527857219,
                            52.74679045646
                        ],
                        [
                            8.29516390775,
                            52.74680588108
                        ],
                        [
                            8.29518333010,
                            52.74685878796
                        ],
                        [
                            8.29526135872,
                            52.74684829159
                        ],
                        [
                            8.29529799454,
                            52.74684336336
                        ]
                    ]
                ]
            }
        },
        {
            "type": "Feature",
            "properties": {
                "building": "food-stall",
                "item_fish": "no",
                "item_spit_roast": "yes"
            },
            "geometry": {
                "type": "Polygon",
                "coordinates": [
                    [
                        [
                            8.29289568603,
                            52.74839620803
                        ],
                        [
                            8.29289821987,
                            52.74837327213
                        ],
                        [
                            8.29279359164,
                            52.74836903690
                        ],
                        [
                            8.29279105780,
                            52.74839197280
                        ],
                        [
                            8.29289568603,
                            52.74839620803
                        ]
                    ]
                ]
            }
        },
        {
            "type": "Feature",
            "properties": {
                "name": "Alcatraz",
                "slug": "alcatraz",
                "type": "labyrinth",
                "building": "ride",
                "operator": "Cornelius, T."
            },
            "geometry": {
                "type": "Polygon",
                "coordinates": [
                    [
                        [
                            8.29553474468,
                            52.74725976126
                        ],
                        [
                            8.29565448696,
                            52.74726924790
                        ],
                        [
                            8.29568368782,
                            52.74713419040
                        ],
                        [
                            8.29556394553,
                            52.74712470373
                        ],
                        [
                            8.29553474468,
                            52.74725976126
                        ]
                    ]
                ]
            }
        },
        {
            "type": "Feature",
            "properties": {
                "building": "food-stall",
                "item_fries": "yes",
                "item_currywurst": "yes",
                "item_sausauge": "yes"
            },
            "geometry": {
                "type": "Polygon",
                "coordinates": [
                    [
                        [
                            8.29628575870,
                            52.74863103803
                        ],
                        [
                            8.29634690498,
                            52.74863749661
                        ],
                        [
                            8.29637156088,
                            52.74855196744
                        ],
                        [
                            8.29631041461,
                            52.74854550884
                        ],
                        [
                            8.29628575870,
                            52.74863103803
                        ]
                    ]
                ]
            }
        },
        {
            "type": "Feature",
            "properties": {
                "game_duck_pond": "yes",
                "building": "game-stall"
            },
            "geometry": {
                "type": "Polygon",
                "coordinates": [
                    [
                        [
                            8.29201605612,
                            52.74813958967
                        ],
                        [
                            8.29193342572,
                            52.74814622920
                        ],
                        [
                            8.29193767339,
                            52.74816559888
                        ],
                        [
                            8.29202030378,
                            52.74815895935
                        ],
                        [
                            8.29201605612,
                            52.74813958967
                        ]
                    ]
                ]
            }
        },
        {
            "type": "Feature",
            "properties": {
                "building": "food-stall",
                "item_pizza": "yes"
            },
            "geometry": {
                "type": "Polygon",
                "coordinates": [
                    [
                        [
                            8.29449935193,
                            52.74847365889
                        ],
                        [
                            8.29466859055,
                            52.74848067417
                        ],
                        [
                            8.29467272894,
                            52.74844409376
                        ],
                        [
                            8.29450349032,
                            52.74843707847
                        ],
                        [
                            8.29450300558,
                            52.74844136323
                        ],
                        [
                            8.29449935193,
                            52.74847365889
                        ]
                    ]
                ]
            }
        },
        {
            "type": "Feature",
            "properties": {
                "name": "Enzian Hütte",
                "building": "bar",
                "item_shots": "yes",
                "isTent": "yes",
                "item_softdrinks": "yes",
                "item_beer": "yes"
            },
            "geometry": {
                "type": "Polygon",
                "coordinates": [
                    [
                        [
                            8.29705417022,
                            52.74668181103
                        ],
                        [
                            8.29702953150,
                            52.74681790843
                        ],
                        [
                            8.29707763768,
                            52.74682109972
                        ],
                        [
                            8.29712743213,
                            52.74682440300
                        ],
                        [
                            8.29715207085,
                            52.74668830562
                        ],
                        [
                            8.29705417022,
                            52.74668181103
                        ]
                    ]
                ]
            }
        },
        {
            "type": "Feature",
            "properties": {
                "name": "Amtmannsbult",
                "slug": "amtmannsbult",
                "building": "misc",
                "description": "Am Amtmannsbult saß früher das Marktgericht, das für Ordnungen auf dem Markt zuständig war. Heute ist es während des Stoppemarktes das Büro der Marktverwaltung. Außerdem findet hier die feierliche Eröffnung durch die/den Bürgermeister*in statt.",
                "priority": "5"
            },
            "geometry": {
                "type": "Polygon",
                "coordinates": [
                    [
                        [
                            8.29532712224,
                            52.74867525241
                        ],
                        [
                            8.29530062386,
                            52.74879287742
                        ],
                        [
                            8.29533144478,
                            52.74879542145
                        ],
                        [
                            8.29530732938,
                            52.74890246825
                        ],
                        [
                            8.29533587614,
                            52.74890482456
                        ],
                        [
                            8.29539985199,
                            52.74891010526
                        ],
                        [
                            8.29542396739,
                            52.74880305848
                        ],
                        [
                            8.29544634996,
                            52.74880490599
                        ],
                        [
                            8.29547284834,
                            52.74868728102
                        ],
                        [
                            8.29532712224,
                            52.74867525241
                        ]
                    ]
                ]
            }
        },
        {
            "type": "Feature",
            "properties": {
                "type": "merry_go_round",
                "building": "ride",
                "name": "Kinderkarusell",
                "forKids": "yes"
            },
            "geometry": {
                "type": "Polygon",
                "coordinates": [
                    [
                        [
                            8.29305338679,
                            52.74788637451
                        ],
                        [
                            8.29306990989,
                            52.74789023677
                        ],
                        [
                            8.29308442590,
                            52.74789638039
                        ],
                        [
                            8.29309609121,
                            52.74790444832
                        ],
                        [
                            8.29310422788,
                            52.74791397169
                        ],
                        [
                            8.29310836302,
                            52.74792439703
                        ],
                        [
                            8.29310825633,
                            52.74793511846
                        ],
                        [
                            8.29310391400,
                            52.74794551288
                        ],
                        [
                            8.29309558838,
                            52.74795497621
                        ],
                        [
                            8.29308376335,
                            52.74796295848
                        ],
                        [
                            8.29306912612,
                            52.74796899579
                        ],
                        [
                            8.29305252735,
                            52.74797273727
                        ],
                        [
                            8.29303493172,
                            52.74797396548
                        ],
                        [
                            8.29301736180,
                            52.74797260904
                        ],
                        [
                            8.29300083871,
                            52.74796874679
                        ],
                        [
                            8.29298632269,
                            52.74796260318
                        ],
                        [
                            8.29297465738,
                            52.74795453525
                        ],
                        [
                            8.29296652072,
                            52.74794501189
                        ],
                        [
                            8.29296238557,
                            52.74793458656
                        ],
                        [
                            8.29296249226,
                            52.74792386513
                        ],
                        [
                            8.29296683460,
                            52.74791347070
                        ],
                        [
                            8.29297516021,
                            52.74790400736
                        ],
                        [
                            8.29298698524,
                            52.74789602508
                        ],
                        [
                            8.29300162247,
                            52.74788998776
                        ],
                        [
                            8.29301822124,
                            52.74788624628
                        ],
                        [
                            8.29303581688,
                            52.74788501807
                        ],
                        [
                            8.29305338679,
                            52.74788637451
                        ]
                    ]
                ]
            }
        },
        {
            "type": "Feature",
            "properties": {
                "building": "candy-stall",
                "item_roasted_almonds": "yes"
            },
            "geometry": {
                "type": "Polygon",
                "coordinates": [
                    [
                        [
                            8.29580504955,
                            52.74662167174
                        ],
                        [
                            8.29577238281,
                            52.74661123255
                        ],
                        [
                            8.29573134451,
                            52.74665828999
                        ],
                        [
                            8.29576401125,
                            52.74666872917
                        ],
                        [
                            8.29580504955,
                            52.74662167174
                        ]
                    ]
                ]
            }
        },
        {
            "type": "Feature",
            "properties": {
                "building": "restroom",
                "accessible": "yes"
            },
            "geometry": {
                "type": "Polygon",
                "coordinates": [
                    [
                        [
                            8.29527788720,
                            52.74902115159
                        ],
                        [
                            8.29531775688,
                            52.74902582257
                        ],
                        [
                            8.29532732598,
                            52.74899589593
                        ],
                        [
                            8.29528745631,
                            52.74899122494
                        ],
                        [
                            8.29527788720,
                            52.74902115159
                        ]
                    ]
                ]
            }
        },
        {
            "type": "Feature",
            "properties": {
                "building": "candy-stall",
                "item_backery": "yes"
            },
            "geometry": {
                "type": "Polygon",
                "coordinates": [
                    [
                        [
                            8.29442343028,
                            52.74800785198
                        ],
                        [
                            8.29441797868,
                            52.74797057312
                        ],
                        [
                            8.29432925333,
                            52.74797532737
                        ],
                        [
                            8.29433470492,
                            52.74801260622
                        ],
                        [
                            8.29442343028,
                            52.74800785198
                        ]
                    ]
                ]
            }
        },
        {
            "type": "Feature",
            "properties": {
                "products": "seller_type_cloth",
                "building": "seller-stall"
            },
            "geometry": {
                "type": "Polygon",
                "coordinates": [
                    [
                        [
                            8.29588791851,
                            52.74612203226
                        ],
                        [
                            8.29584677378,
                            52.74612611536
                        ],
                        [
                            8.29587069654,
                            52.74621445299
                        ],
                        [
                            8.29591184128,
                            52.74621036990
                        ],
                        [
                            8.29588791851,
                            52.74612203226
                        ]
                    ]
                ]
            }
        },
        {
            "type": "Feature",
            "properties": {
                "building": "exhibition"
            },
            "geometry": {
                "type": "Polygon",
                "coordinates": [
                    [
                        [
                            8.29735593048,
                            52.74897262106
                        ],
                        [
                            8.29755548400,
                            52.74901558293
                        ],
                        [
                            8.29759149140,
                            52.74895430262
                        ],
                        [
                            8.29739193789,
                            52.74891134069
                        ],
                        [
                            8.29735593048,
                            52.74897262106
                        ]
                    ]
                ]
            }
        },
        {
            "type": "Feature",
            "properties": {
                "building": "game-stall",
                "game_can_knockdown": "yes"
            },
            "geometry": {
                "type": "Polygon",
                "coordinates": [
                    [
                        [
                            8.29256127577,
                            52.74836058003
                        ],
                        [
                            8.29264134460,
                            52.74838276561
                        ],
                        [
                            8.29265898119,
                            52.74835944328
                        ],
                        [
                            8.29257891236,
                            52.74833725767
                        ],
                        [
                            8.29256127577,
                            52.74836058003
                        ]
                    ]
                ]
            }
        },
        {
            "type": "Feature",
            "properties": {
                "name": "Anton Linnemann",
                "slug": "anton-linnemann",
                "building": "bar",
                "item_shots": "yes",
                "item_softdrinks": "yes",
                "item_beer": "yes"
            },
            "geometry": {
                "type": "Polygon",
                "coordinates": [
                    [
                        [
                            8.29594775900,
                            52.74791901372
                        ],
                        [
                            8.29598530993,
                            52.74777045384
                        ],
                        [
                            8.29589781926,
                            52.74776235062
                        ],
                        [
                            8.29586635584,
                            52.74788682705
                        ],
                        [
                            8.29586026834,
                            52.74791091054
                        ],
                        [
                            8.29594775900,
                            52.74791901372
                        ]
                    ]
                ]
            }
        },
        {
            "type": "Feature",
            "properties": {
                "building": "bar",
                "item_shots": "yes",
                "isTent": "yes",
                "item_softdrinks": "yes",
                "name": "Borgerding",
                "item_beer": "yes"
            },
            "geometry": {
                "type": "Polygon",
                "coordinates": [
                    [
                        [
                            8.29410967695,
                            52.74831922950
                        ],
                        [
                            8.29409291314,
                            52.74845601655
                        ],
                        [
                            8.29431686288,
                            52.74846607294
                        ],
                        [
                            8.29432078231,
                            52.74843409176
                        ],
                        [
                            8.29433362669,
                            52.74832928593
                        ],
                        [
                            8.29410967695,
                            52.74831922950
                        ]
                    ]
                ]
            }
        },
        {
            "type": "Feature",
            "properties": {
                "item_ice_cream": "yes",
                "building": "candy-stall"
            },
            "geometry": {
                "type": "Polygon",
                "coordinates": [
                    [
                        [
                            8.29420950972,
                            52.74786795715
                        ],
                        [
                            8.29421354696,
                            52.74789189132
                        ],
                        [
                            8.29431287486,
                            52.74788575210
                        ],
                        [
                            8.29430883762,
                            52.74786181792
                        ],
                        [
                            8.29420950972,
                            52.74786795715
                        ]
                    ]
                ]
            }
        },
        {
            "type": "Feature",
            "properties": {
                "item_ice_cream": "yes",
                "building": "candy-stall"
            },
            "geometry": {
                "type": "Polygon",
                "coordinates": [
                    [
                        [
                            8.29233528831,
                            52.74834965132
                        ],
                        [
                            8.29226564618,
                            52.74827154254
                        ],
                        [
                            8.29221767143,
                            52.74828721553
                        ],
                        [
                            8.29228731355,
                            52.74836532427
                        ],
                        [
                            8.29233528831,
                            52.74834965132
                        ]
                    ]
                ]
            }
        }
    ]
}